Relay,Code,ISP,Nips,Version,Price,Link,Events/h,Ping
030939.xyz,CA,"Cloudflare, Inc.","[1,2,4,5,9,11,12,15,16,17,20,22,33,40]",3.17.14,,,0,⛔
140.f7z.io,GB,The Constant Company,"[1,2,4,9,11,12,16,20,22,28,33,40]",0.9.6-7-g7196547,,,0,⛔
21ideas.nostr1.com,US,"Nubes, LLC","[1,2,4,9,11,12,16,20,22,28,33,40]",0.9.6,21000,link,0,379ms.
adeptus.cwharton.com,US,"Comcast Cable Communications, LLC","[1,2,9,11,12,15,16,20,22,33,40,42]",0.8.13,,,0,⛔
adre.su,RU,TimeWeb Ltd.,"[1,2,4,9,11,20,22,28,40,70]",0.9.7,,,2,448ms.
af.purplerelay.com,ZA,Amazon Technologies Inc.,"[1,2,4,9,11,12,16,20,22,28,33,40]",v403-cc86272,,,14,529ms.
agentorange.nostr1.com,US,"Nubes, LLC","[1,2,4,9,11,12,16,20,22,28,33,40,42]",0.9.6,10000,link,0,1100ms.
airchat.nostr1.com,US,"Nubes, LLC","[1,2,4,9,11,12,16,20,22,28,33,40,42]",0.9.6,,,0,407ms.
alru07.nostr1.com,US,"Nubes, LLC","[1,2,4,9,11,12,16,20,22,28,33,40,42]",0.9.6,,,0,724ms.
antisocial.nostr1.com,US,"Nubes, LLC","[1,2,4,9,11,12,16,20,22,28,33,40,42]",0.9.6,,,0,618ms.
aplaceinthesun.nostr1.com,US,"Nubes, LLC","[1,2,4,9,11,12,16,20,22,28,33,40,42]",0.9.6,,,0,909ms.
art.nostrfreaks.com,US,"Nubes, LLC","[1,2,4,9,11,12,16,20,22,28,33,40]",0.9.6,,,0,615ms.
articles.layer3.news,US,"Amazon.com, Inc.","[1,2,4,9,11,12,16,20,22,28,33,40]",0.9.6-26-gc0dec7c,,,500,414ms.
at.nostrworks.com,AT,ANX,"[1,2,4,9,11,12,15,16,20,22,28,33,40]",2.0.0,5000000,link,1,201ms.
auth.nostr1.com,US,"Nubes, LLC","[1,2,4,9,11,12,16,20,22,28,33,40,42]",0.9.6,,,0,396ms.
beta.nostril.cam,CA,"Cloudflare, Inc.","[1,2,4,9,11,12,15,16,20,22,26,28,33,40]",1.25.2,1000000,link,0,⛔
bevo.nostr1.com,US,"Nubes, LLC","[1,2,4,9,11,12,16,20,22,28,33,40,42]",0.9.6,,,0,558ms.
bitcoiner.social,US,IncogNET LLC,"[1,2,4,9,11,12,16,20,22,28,33,40]",0.9.6,,,500,519ms.
bitcoinmaximalists.online,DE,myLoc managed IT AG,"[1,2,4,9,11,12,15,16,20,22,28,33,40]",2.0.0,10000000,link,1,159ms.
bitstack.app,CA,"Cloudflare, Inc.","[1,2,4,9,11,12,15,16,20,22,26,28,33,40]",1.25.2,6942000,link,0,572ms.
blowater.nostr1.com,US,"Nubes, LLC","[1,2,4,9,11,12,16,20,22,28,33,40]",0.9.6,,,0,⛔
bostr.bitcointxoko.com,IS,1984 ehf,"[1,2,4,9,11,12,15,16,20,22,28,33,40,42,50]",3.0.10,,,2075,346ms.
bostr.cx.ms,CA,"Cloudflare, Inc.","[1,2,9,11,12,15,16,20,22,33,40,42,50]",3.0.10,,,0,517ms.
bostr.erechorse.com,CA,"Cloudflare, Inc.","[1,2,9,11,12,15,16,20,22,33,40,42,50]",3.0.7-1,,,0,858ms.
bostr.freespeech.casa,CA,"Cloudflare, Inc.","[1,2,9,11,12,15,16,20,22,33,40]",,,,0,⛔
bostr.lecturify.net,FR,OVH SAS,"[1,2,9,11,12,15,16,20,22,33,40]",dev,,,0,⛔
bostr.lightningspore.com,US,"Amazon.com, Inc.","[1,2,9,11,12,15,16,20,22,33,40,42,50]",3.0.1,,,1330,678ms.
bostr.nokotaro.com,CA,"Cloudflare, Inc.","[1,2,9,11,12,15,16,20,22,33,40,50]",3.0.1,,,0,⌛
bostr.nokotaro.work,CA,"Cloudflare, Inc.","[1,2,9,11,12,15,16,20,22,33,40,50]",3.0.1,,,0,⌛
bostr.online,CA,"Cloudflare, Inc.","[1,2,9,11,12,15,16,20,22,33,40,42,50]",3.0.7-1,,,0,726ms.
bostr.orangesync.tech,DE,Contabo GmbH,"[1,2,9,11,12,15,16,20,22,33,40]",,,,0,236ms.
bostr.syobon.net,GB,"Cloudflare, Inc.","[1,2,9,11,12,15,16,20,22,33,40]",,,,500,939ms.
bouncer.minibolt.info,CA,"Cloudflare, Inc.","[1,2,9,11,12,15,16,20,22,33,40,42,50]",3.0.10,,,1914,222ms.
bouncer.rebelbase.social,BE,OVH SAS,"[1,2,9,11,12,15,16,20,22,33,40]",,,,0,⛔
br.purplerelay.com,BR,Amazon Technologies Inc.,"[1,2,4,9,11,12,16,20,22,28,33,40]",v401-1086645,,,11,754ms.
brainstorm.nostr1.com,US,"Nubes, LLC","[1,2,4,9,11,12,16,20,22,28,33,40,42]",0.9.6,4096000,link,0,391ms.
brisceaux.com,US,"Akamai Technologies, Inc.","[1,2,9,11,12,15,16,20,22,33,40]",0.8.13,,,3,492ms.
btc.klendazu.com,ES,Telefonica de Espana SAU,"[1,2,9,11,12,15,16,20,22,33,40,42]",0.8.9,,,9,220ms.
carlos-cdb.top,US,The Constant Company,"[1,2,9,11,12,15,16,20,22,33,40]",0.8.13,,,15,811ms.
cc3d.nostr1.com,US,"Nubes, LLC","[1,2,4,9,11,12,16,20,22,28,33,40]",0.9.6,,,0,373ms.
cellar.nostr.wine,CA,"Cloudflare, Inc.","[1,2,4,9,11,12,15,16,20,22,28,33]",0.1.2,,link,0,631ms.
cfr.czas.xyz,CA,"Cloudflare, Inc.","[1,2,5,9,11,12,16,33,42,45,50,95,96]",0.0.2,,,0,⛔
cfrelay.haorendashu.workers.dev,CA,"Cloudflare, Inc.","[1,2,5,9,11,12,16,33,42,45,50,95,96]",0.0.3,,,0,151ms.
cfrelay.puhcho.workers.dev,CA,"Cloudflare, Inc.","[1,2,5,9,11,12,16,33,42,45,50,95,96]",0.0.2,,,0,177ms.
cfrelay.snowcait.workers.dev,CA,"Cloudflare, Inc.","[1,2,5,9,11,12,16,33,42,45,50,95,96]",0.0.3,,,0,196ms.
chefstr.nostr1.com,US,"Nubes, LLC","[1,2,4,9,11,12,16,20,22,28,33,40]",0.9.6,4200000,link,0,378ms.
chorus.pjv.me,US,Hetzner Online GmbH,"[1,4,9,11,40,42,59,65]",chorus 1.4.0,,,0,645ms.
chorus.slowcod.ing,CA,"Cloudflare, Inc.","[1,4,9,11,40,42,59,65]",chorus 1.5.2,,,0,⛔
chorus.tealeaf.dev,US,IncogNET LLC,"[1,4,9,11,40,42,59,65]",chorus 1.4.0,,,0,505ms.
christpill.nostr1.com,US,"Nubes, LLC","[1,2,4,9,11,12,16,20,22,28,33,40]",0.9.6,,,2,410ms.
cl.purplerelay.com,BR,"Amazon.com, Inc.","[1,2,4,9,11,12,16,20,22,28,33,40]",v401-1086645,,,11,779ms.
clnbits.diynodes.com,CA,Cogent Communications,"[1,2,4,9,11,15,16,20,22,28,42]",LNbits,,,0,⛔
comments.layer3.news,US,"Amazon.com, Inc.","[1,2,4,9,11,12,16,20,22,28,33,40]",0.9.6-26-gc0dec7c,,,0,⌛
consequently-community-owners-looksmart.trycloudflare.com,CA,"Cloudflare, Inc.","[1,2,4,11,13,22,26,28,40,42]",2.2.0,,,0,⛔
cookies.nostrfreaks.com,US,"Nubes, LLC","[1,2,4,9,11,12,16,20,22,28,33,40]",0.9.6,,,0,⛔
coop.nostr1.com,US,"Nubes, LLC","[1,2,4,9,11,12,16,20,22,28,33,40,42]",0.9.6,,,0,433ms.
core.btcmap.org,SG,LINODE,"[1,2,4,9,11,15,16,20,22,28,42]",LNbits,,,0,⛔
creatr.nostr.wine,CA,"Cloudflare, Inc.","[1,2,4,9,11,12,15,16,20,22,28,33,42]",0.2.1,,,0,430ms.
custom.fiatjaf.com,DE,Contabo GmbH,"[1,11,70]",khatru,,,0,214ms.
cyberspace.nostr1.com,US,"Nubes, LLC","[1,2,4,9,11,12,16,20,22,28,33,40]",0.9.6,,,2,377ms.
czas.live,RU,LLC Digital Network,"[1,2,4,9,11,12,15,16,20,22,25,26,28,33,40,42]",0.4.3,,,0,402ms.
david.nostr1.com,US,"Nubes, LLC","[1,2,4,9,11,12,16,20,22,28,33,40,42]",0.9.6,,,0,412ms.
demo.zacoos.com,CA,"Cloudflare, Inc.","[1,11,42,70,86,9]",khatru,,,0,⛔
deno.blowater.app,SG,"DigitalOcean, LLC","[1,2,11]",,,,0,⌛
dev-relay.kube.b-n.space,US,arsys.es NGCS,"[1,2,9,11,12,15,16,20,22,33,40]",0.8.13,,,14,494ms.
dev-relay.lnfi.network,GB,"Amazon.com, Inc.","[1,2,4,9,11,12,15,16,20,22,26,28,33,40]",1.25.2,,,500,1091ms.
dev.freerelay.xyz,CA,"Cloudflare, Inc.","[1,2,4,9,11,20,22,28,40,70]",0.9.6-40-gc0227e1,,,2,621ms.
dev.nostrplayground.com,US,"DigitalOcean, LLC","[1,2,9,11,12,15,16,20,22,33,40]",0.8.13,,,20,580ms.
directory.yabu.me,JP,The Constant Company,"[1,2,4,9,11,20,22,28,40,70]",0.9.7,,,0,879ms.
dm.patrickulrich.com,CA,"Cloudflare, Inc.","[1,11,42,70,86]",khatru,,,0,⛔
dtonon.nostr1.com,US,"Nubes, LLC","[1,2,4,9,11,12,16,20,22,28,33,40]",0.9.6,,,2,391ms.
dwebcamp.nos.social,US,"DigitalOcean, LLC","[1,2,4,9,11,12,16,20,22,28,33,40]",0.9.6,,,2,463ms.
e.nos.lol,DE,Hetzner Online GmbH,"[1,2,4,9,11,12,16,20,22,28,33,40]",0.9.6,,,500,182ms.
fabian.nostr1.com,US,"Nubes, LLC","[1,2,4,9,11,12,16,20,22,28,33,40]",0.9.6,,,0,407ms.
feeds.nostr.band,FI,Hetzner Online GmbH,"[1,11,12,15,20,33,45,50]",0.4,,,0,305ms.
fiatjaf.com,DE,Contabo GmbH,[],khatru,,,0,219ms.
fiatjaf.nostr1.com,US,"Nubes, LLC","[1,2,4,9,11,12,16,20,22,28,33,40]",0.9.6,,,0,383ms.
filter.nostr.wine,CA,"Cloudflare, Inc.","[1,2,4,9,11,40,42,50,59,65,94]",1.5,10000000,link,0,643ms.
fl.purplerelay.com,DE,Amazon Technologies Inc.,"[1,2,4,9,11,12,16,20,22,28,33,40]",v403-cc86272,,,413,218ms.
freedomhub1.reelnetwork.eu,FI,Hetzner Online GmbH,"[1,2,9,11,12,15,16,20,22,33,40]",0.8.13,,,9,360ms.
freelay.sovbit.host,IS,The 1984 ehf,"[1,2,4,9,11,12,16,20,22,28,33,40]",0.9.6-26-gc0dec7c,,,21,714ms.
freerelay.xyz,CA,"Cloudflare, Inc.","[1,2,4,9,11,12,15,16,20,22,28,33,40]",2.0.0,,,0,619ms.
freespeech.casa,CA,"Cloudflare, Inc.","[1,11,42,70,86,9]",khatru-pyramid,,,500,516ms.
frens.nostr1.com,US,"Nubes, LLC","[1,2,4,9,11,12,16,20,22,28,33,40]",0.9.6,,,15,392ms.
frens.utxo.one,CA,"Cloudflare, Inc.","[1,11,42,70,86]",khatru,,,0,526ms.
frjosh.nostr1.com,US,"Nubes, LLC","[1,2,4,9,11,12,16,20,22,28,33,40]",0.9.6,,,0,673ms.
frysian.nostrich.casa,NL,ZIGGO,"[1,2,9,11,12,15,16,20,22,33,40]",0.8.13,,,0,⌛
gitcitadel.nostr1.com,US,"Nubes, LLC","[1,2,4,9,11,12,16,20,22,28,33,40,42]",0.9.6,,,0,432ms.
global-relay.cesc.trade,CA,"Cloudflare, Inc.","[1,2,4,9,11,12,15,16,20,22,26,28,33,40]",1.23.0,,,0,⛔
greensoul.space,DE,Deutsche Telekom AG,"[1,2,9,11,12,15,16,20,22,33,40]",0.8.13,2222000,link,1,272ms.
groups.0xchat.com,US,"Amazon.com, Inc.","[1,11,42,70,86,29,9]",khatru,,,0,921ms.
groups.fiatjaf.com,DE,Contabo GmbH,"[1,11,42,70,86,29,9]",khatru,,,0,208ms.
hax.reliefcloud.com,US,Amazon.com,"[1,2,9,11,12,15,16,20,22,33,40]",0.8.13,,,0,400ms.
hayloo.nostr1.com,US,"Nubes, LLC","[1,2,4,9,11,12,16,20,22,28,33,40,42]",0.9.6,21000,link,0,427ms.
hist.nostr.land,FI,Hetzner Online GmbH,[],khatru,,,0,423ms.
history.nostr.watch,NL,"DigitalOcean, LLC","[1,2,4,9,11,12,15,16,20,22,26,28,33,40]",1.25.2,,,0,⛔
hivetalk.nostr1.com,US,"Nubes, LLC","[1,2,4,9,11,12,16,20,22,28,33,40]",0.9.6,,,5,523ms.
hodlbod.coracle.tools,US,"Akamai Technologies, Inc.","[1,11,70]",khatru,,,0,690ms.
hotrightnow.nostr1.com,US,"Nubes, LLC","[1,2,4,9,11,12,16,20,22,28,33,40,42]",0.9.6,,,0,445ms.
hub.nostr-relay.app,CA,"Cloudflare, Inc.","[1,2,4,11,13,22,26,28,40,42]",0.0.1,,,100,571ms.
inbox.nostr.wine,CA,"Cloudflare, Inc.","[1,2,4,9,11,40,42]",0.1.4,2500000,link,0,640ms.
irish.nostr.cafe,US,"Amazon.com, Inc.","[1,2,4,9,11,12,15,16,20,22,28,33,40,42,45,50]",0.0.163,,,0,⛔
ithurtswhenip.ee,GB,Cogent Communications,"[1,2,4,9,11,12,15,16,20,22,26,28,33,40]",1.22.6,,,366,239ms.
ivy.hnslogin.world,SE,Amazon Technologies Inc.,"[1,2,4,9,11,12,15,16,20,22,28,33,40]",2.0.0,,,0,⛔
jingle.carlos-cdb.top,US,The Constant Company,"[1,2,9,11,12,15,16,20,22,33,40]",0.8.13,,,15,777ms.
junxingwang.org,CA,"Cloudflare, Inc.","[1,2,4,9,11,20,22,28,40,70]",0.9.2-88-g1d206d1ce9f2,,,500,360ms.
kadargo.zw.is,US,Sonic Telecom LLC,"[1,2,9,11,12,15,16,20,22,33,40]",0.8.13,,,0,⛔
khatru.nostree.me,CA,"Cloudflare, Inc.","[1,11,42,70,86,9]",khatru,,,0,⛔
kiwibuilders.nostr21.net,NZ,Zappie Host LLC,"[1,2,4,9,11,12,15,16,20,22,28,33,40]",2.0.0,2100000,link,0,1081ms.
kr.purplerelay.com,JP,Amazon Technologies Inc.,"[1,2,4,9,11,12,16,20,22,28,33,40]",v401-1086645,,,29,808ms.
labour.fiatjaf.com,IE,Apex Strata Ltd,"[1,11,42,70,86,9]",labour,,,0,254ms.
ldl.relay.maleniti.com,DE,Contabo GmbH,"[1,2,4,9,11,12,16,20,22,28,33,40,42]",0.9.6,21000,link,0,285ms.
libretechsystems.nostr1.com,US,"Nubes, LLC","[1,2,4,9,11,12,16,20,22,28,33,40,42]",0.9.6,10000000,link,0,402ms.
lightningrelay.com,US,IONOS SE,"[1,2,4,9,11,12,15,16,20,22,28,33,40]",2.0.0,6678000,link,3,579ms.
lnbits.btc-payserver.eu,CA,"Cloudflare, Inc.","[1,2,4,9,11,15,16,20,22,28,42]",LNbits,,,0,⛔
lnbits.moizen.xyz,CA,"easyDNS Technologies, Inc.","[1,2,4,9,11,15,16,20,22,28,42]",LNbits,,,0,⛔
lnbits.satoshibox.io,DE,Hetzner Online GmbH,"[1,2,4,9,11,15,16,20,22,28,42]",LNbits,,,0,⛔
lnvoltz.com,CA,"Cloudflare, Inc.","[1,2,4,9,11,15,16,20,22,28,42]",LNbits,,,0,⛔
longhorn.bgp.rodeo,NL,Nick Bouwhuis,"[1,2,9,11,12,15,16,20,22,33,40]",0.8.13,,,2,349ms.
lunchbox.sandwich.farm,NL,Choopa,"[1,2,4,9,11,12,16,20,22,28,33,40]",0.9.6-26-gc0dec7c,,,0,269ms.
milwaukietalkie.nostr1.com,US,"Nubes, LLC","[1,2,4,9,11,12,16,20,22,28,33,40,42]",0.9.6,,,0,467ms.
mleku.nostr1.com,US,"Nubes, LLC","[1,2,4,9,11,12,16,20,22,28,33,40,42]",0.9.6,,,0,838ms.
mm.suzuqi.com,CA,"Cloudflare, Inc.","[1,2,9,11,12,15,16,20,22,33,40,42,50]",3.0.1,,,0,⛔
monitorlizard.nostr1.com,US,"Nubes, LLC","[1,2,4,9,11,12,16,20,22,28,33,40]",0.9.6,,,0,398ms.
moonboi.nostr1.com,US,"Nubes, LLC","[1,2,4,9,11,12,16,20,22,28,33,40,42]",0.9.6,1000000,link,0,765ms.
multiplexer.huszonegy.world,HU,Giganet Internet Szolgaltato Kft,"[1,2,9,11,12,15,16,20,22,33,40]",,,,0,303ms.
n.ok0.org,NZ,The Internet Group,"[1,2,4,9,11,20,22,28,40,70]",0.9.7,,,764,1133ms.
n.wingu.se,US,Multacom Corporation,"[1,2,9,11,12,15,16,20,22,33,40]",0.8.13,,,0,990ms.
n3r.xyz,GB,"Cloudflare, Inc.","[1,4,9,11,40,42,59,65]",chorus 1.5.2,,,4,942ms.
nerostr.girino.org,CA,"Cloudflare, Inc.","[1,2,4,9,11,12,16,20,22,28,33,40]",0.9.6,,,3,848ms.
news.nos.social,US,"DigitalOcean, LLC","[1,2,4,9,11,12,16,20,22,28,33,40]",0.9.6,,,0,483ms.
nfrelay.app,CA,"Cloudflare, Inc.","[1,2,4,9,11,12,16,20,22,28,33,40]",0.9.6,,,1937,699ms.
niel.nostr1.com,US,"Nubes, LLC","[1,2,4,9,11,12,16,20,22,28,33,40]",0.9.6,,,0,377ms.
nip05.social,NL,Microsoft Corporation,"[1,2,4,9,11,23,28,42]",0.0.2,,,0,386ms.
njump.me,CA,"Cloudflare, Inc.","[1,11,70]",khatru,,,21,218ms.
nortis.nostr1.com,US,"Nubes, LLC","[1,2,4,9,11,12,16,20,22,28,33,40,42]",0.9.6,2100000,link,0,423ms.
nos.lol,DE,Hetzner Online GmbH,"[1,2,4,9,11,12,16,20,22,28,33,40]",0.9.6,,,500,182ms.
nos.lol.,DE,Hetzner Online GmbH,"[1,2,4,9,11,12,16,20,22,28,33,40]",0.9.6,,,500,235ms.
nos.xmark.cc,DE,Hetzner Online GmbH,"[1,2,9,11,12,16,20,33]",0.1.2,,,1,676ms.
nosflare.plebes.fans,CA,"Cloudflare, Inc.","[1,2,4,5,9,11,12,15,16,17,20,22,33,40]",3.17.14,,,0,193ms.
nostr-01.yakihonne.com,SG,The Constant Company,"[1,2,4,9,11,12,16,20,22,28,33,40]",0.9.6-8-g013d611,,,51,809ms.
nostr-02.dorafactory.org,SG,Google LLC,"[1,2,4,9,11,12,15,16,20,22,26,28,33,40]",1.24.1,,,57,825ms.
nostr-02.yakihonne.com,SG,SGP VULTR,"[1,2,4,9,11,12,16,20,22,28,33,40]",0.9.6-2-g3579f21,,,435,812ms.
nostr-03.dorafactory.org,SG,Amazon Technologies Inc.,"[1,2,4,9,11,12,16,20,22,28,33,40]",0.9.6-2-g3579f21,,,8,622ms.
nostr-1.nbo.angani.co,KE,Angani - KE,"[1,2,4,9,11,12,15,16,20,22,26,28,33]",1.16.0,,,16,719ms.
nostr-dev.wellorder.net,US,"Akamai Technologies, Inc.","[1,2,9,11,12,15,16,20,22,33,40]",0.8.13,,,1,561ms.
nostr-dev.zbd.gg,US,"Amazon.com, Inc.","[1,2,4,9,11,12,16,20,22,28,33,40]",0.9.2-1-g75a34e4,,,0,387ms.
nostr-pareto.self-determined.de,DE,Bieber IT GmbH,"[1,2,4,9,11,20,22,28,40,70]",0.9.6-39-g32a3677,,,0,⛔
nostr-relay.algotech.io,CA,"Cloudflare, Inc.","[1,2,9,11,12,15,16,20,22,33,40]",0.8.13,,,0,649ms.
nostr-relay.app,CA,"Cloudflare, Inc.","[1,2,4,11,13,22,26,28,40,42]",2.2.0,,,11,286ms.
nostr-relay.apps.den.ratwater.xyz,US,Webpass Inc.,"[1,2,9,11,12,15,16,20,22,33,40]",0.8.13,,,0,780ms.
nostr-relay.bitcoin.ninja,US,Overkill Interbuzz LLC,"[1,2,9,11,12,15,16,20,22,26]",0.7.15,,,0,636ms.
nostr-relay.cbrx.io,CA,"Cloudflare, Inc.","[1,2,9,11,12,15,16,20,22,33,40]",0.8.13,,,0,791ms.
nostr-relay.derekross.me,GB,"Cloudflare, Inc.","[1,2,4,9,11,12,15,16,20,22,28,33,40]",2.0.0,,,0,620ms.
nostr-relay.philipcristiano.com,US,Verizon Business,"[1,2,9,11,12,15,16,20,22,33,40]",0.8.13,,,0,510ms.
nostr-relay.psfoundation.info,US,Hetzner Online GmbH,"[1,2,4,9,11,12,15,16,20,22,26,28,33,40]",1.25.2,,,25,650ms.
nostr-relay.puhcho.me,CA,"Cloudflare, Inc.","[1,2,5,9,11,12,15,20,26,33,40,42]",1.13,,,0,⛔
nostr-relay.schnitzel.world,US,"Amazon.com, Inc.","[1,2,4,9,11,12,15,16,20,22,26,28,33,40,111]",1.22.2,,,0,509ms.
nostr-relay.sn-media.com,FI,Hetzner Online GmbH,"[1,2,9,11,12,15,16,20,22,33,40]",0.8.13,,,0,366ms.
nostr-tbd.website,US,"Amazon.com, Inc.","[1,2,9,11,12,15,16,20,22,33,40]",0.8.13,,,16,642ms.
nostr-usa.ka1gbeoa21bnm.us-west-2.cs.amazonlightsail.com,US,"Amazon.com, Inc.","[1,2,9,11,12,15,16,20,22,33,40]",0.8.13,,,16,642ms.
nostr-verif.slothy.win,CA,"Cloudflare, Inc.","[1,2,9,11,12,15,16,20,22,33,40]",0.8.13,,,0,392ms.
nostr-verified.wellorder.net,US,"Akamai Technologies, Inc.","[1,2,9,11,12,15,16,20,22,33,40]",0.8.13,,,9,573ms.
nostr.0x7e.xyz,CH,Init7 (Switzerland) Ltd.,"[1,2,9,11,12,15,16,20,22,33,40]",0.8.13,,,15,175ms.
nostr.15b.blue,JP,Oracle Corporation,"[1,2,9,11,12,15,16,20,22,33,40,42]",0.8.13,,,0,1011ms.
nostr.1f52b.xyz,GB,Choopa,"[1,2,9,11,12,15,16,20,22,33,40,42]",0.8.9,,,0,169ms.
nostr.1sat.org,SG,The Constant Company,"[1,2,4,9,11,12,15,16,20,22,28,33,40]",2.0.0,1337000,link,9,1053ms.
nostr.256k1.dev,GB,Virgin Media,"[1,2,9,11,12,15,16,20,22,33,40,42]",0.8.8,,,0,388ms.
nostr.600.wtf,IS,1984 ehf,"[1,11,42,70,86,9]",khatru,,,0,⛔
nostr.702e.com,NL,SOLLUTIUM EU Sp z.o.o.,"[1,2,9,11,12,15,16,20,22,33,40]",0.8.13,,,3,166ms.
nostr.8777.ch,US,FranTech Solutions,"[1,2,9,11,12,15,16,20,22,33,40]",0.8.13,,,0,431ms.
nostr.agentcampfire.com,NL,Maximilian Jacobsen,"[1,2,4,9,11,12,15,16,20,22,28,33,40]",2.0.0,,,3,265ms.
nostr.animeomake.com,US,"AT&T Services, Inc.","[1,2,9,11,12,15,16,20,22,33,40]",0.8.13,,,5,1099ms.
nostr.app.runonflux.io,FI,Hetzner Online GmbH,"[1,2,9,11,12,15,16,20,22,26]",0.7.15,,,0,683ms.
nostr.at,CA,"Cloudflare, Inc.",[],khatru,,,7,300ms.
nostr.atitlan.io,CA,Cogent Communications,"[1,2,9,11,12,15,16,20,22,33,40]",0.8.13,,,3,544ms.
nostr.azzamo.net,PL,OVH SAS,"[1,2,4,9,11,20,22,28,40,70]",0.9.6-39-g32a3677,,,8,475ms.
nostr.bch.ninja,US,OVH SAS,"[1,2,4,9,11,12,15,16,20,22,26,28,33,40]",1.22.6,,,0,⛔
nostr.bitcoiner.social,US,IncogNET LLC,"[1,2,4,9,11,12,16,20,22,28,33,40]",0.9.6,,,500,589ms.
nostr.bitcoinist.org,FI,Hetzner Online GmbH,"[1,2,9,11,12,15,16,20,22,33,40]",0.8.13,,,0,445ms.
nostr.bitcoinplebs.de,DE,Strato AG,"[1,2,4,9,11,12,15,16,20,22,28,33,40]",2.0.0,5000000,link,0,354ms.
nostr.bitcoinvn.io,VN,VNPT,"[1,2,4,9,11,12,15,16,20,22,28,33,40]",2.0.0,,,0,1063ms.
nostr.bitpunk.fm,CA,"Cloudflare, Inc.","[1,2,9,11,12,15,16,20,22,33,40]",0.8.13,,,0,501ms.
nostr.brackrat.com,GB,"Cloudflare, Inc.","[1,2,9,11,12,15,16,20,22,33,40]",0.8.13,,,3,791ms.
nostr.btc-library.com,DE,Deutsche Telekom AG,"[1,2,4,9,11,12,15,16,20,22,26,28,33,40]",1.22.6,,,16,315ms.
nostr.cahlen.org,SE,Privex Inc.,"[1,2,4,9,11,12,16,20,22,28,33,40]",0.9.6-4-g13b0296,,,0,⛔
nostr.camalolo.com,TW,"Chunghwa Telecom Co., Ltd.","[1,2,4,9,11,20,22,28,40,70]",0.9.6-39-g32a3677,,,2,1006ms.
nostr.carroarmato0.be,BE,Telenet N.V.,"[1,2,4,9,11,12,16,20,22,28,33,40]",0.9.6,,,2,330ms.
nostr.ch3n2k.com,CA,TELUS Communications Inc.,"[1,2,9,11,12,15,16,20,22,33,40]",0.8.13,,,0,698ms.
nostr.chaima.info,DE,Contabo GmbH,"[1,2,9,11,12,15,16,20,22,33,40]",0.8.13,,,3,306ms.
nostr.cizmar.net,DE,IP via active-servers.com,"[1,2,9,11,12,15,16,20,22,33,40]",0.8.13,,,0,375ms.
nostr.cloud.vinney.xyz,US,"DigitalOcean, LLC","[1,2,9,11,12,15,16,20,22,33,40,42]",0.8.8,,,0,470ms.
nostr.cltrrd.us,CA,"Cloudflare, Inc.","[1,2,9,11,12,15,16,20,22,33,40]",0.8.13,,,0,773ms.
nostr.community.ath.cx,CA,OVH SAS,"[1,2,4,9,11,12,15,16,20,22,28,33,40]",2.0.0,,,3,624ms.
nostr.cool110.xyz,GB,TalkTalk,"[1,2,9,11,12,15,16,20,22,33,40,42]",0.8.13,,,0,⛔
nostr.corebreach.com,US,CenturyLink,"[1,2,9,11,12,15,16,20,22,33,40]",0.8.13,,,0,608ms.
nostr.cro.social,FR,OVH ISP,"[1,2,9,11,12,15,16,20,22,33]",0.8.2,,,18,190ms.
nostr.cxplay.org,CA,"Cloudflare, Inc.","[1,11,70]",khatru,,,0,1496ms.
nostr.cypherpunk.today,FI,Hetzner Online GmbH,"[1,2,9,11,12,15,16,20,22,33,40]",0.8.13,,,0,347ms.
nostr.dakukitsune.ca,CA,Hive Data Center Inc.,"[1,2,4,9,11,12,15,16,20,22,28,33,40]",2.0.0,,,17,478ms.
nostr.data.haus,DE,Hetzner Online GmbH,"[1,2,4,9,11,20,22,28,40,70]",0.9.7,,,500,403ms.
nostr.dbtc.link,NL,The Infrastructure Group B.V.,"[1,2,9,11,12,15,16,20,22,33,40]",0.8.13,,,1,378ms.
nostr.decentony.com,US,"DigitalOcean, LLC","[1,2,4,9,11,12,15,16,20,22,26,28,33,40]",1.22.6,7000000,link,0,⛔
nostr.demery.net,DE,Akamai Technologies,"[1,2,9,11,12,15,16,20,22,33,40]",0.8.13,,,0,378ms.
nostr.dfaria.eu,ES,CLOUDING-VM,"[1,2,9,11,12,15,16,20,22,33,40]",0.8.13,,,0,196ms.
nostr.dirty.pm,DE,"DigitalOcean, LLC","[1,2,9,11,12,15,16,20,22,33,40]",0.8.13,,,0,⌛
nostr.dlsouza.lol,DE,Contabo GmbH,"[1,2,4,9,11,20,22,28,40,70]",0.9.7,,,6,697ms.
nostr.dmgd.monster,GB,"Cloudflare, Inc.","[1,2,9,11,12,15,16,20,22,33,40]",0.8.13,,,0,1137ms.
nostr.dodge.me.uk,GB,Zen Internet Ltd,"[1,2,9,11,12,15,16,20,22,33,40]",0.8.13,,,20,446ms.
nostr.drafted.pro,CA,"Cloudflare, Inc.","[1,2,9,11,12,15,16,20,22,33,40]",0.8.13,,,3,532ms.
nostr.dumango.com,DE,EVANZO e-commerce GmbH,"[1,2,4,9,11,12,15,16,20,22,28,33,40]",2.0.0,1000000,link,0,288ms.
nostr.dvdt.dev,US,"DigitalOcean, LLC","[1,2,9,11,12,15,16,20,22,33,40]",0.8.13,,,0,⛔
nostr.easydns.ca,CA,"easyDNS Technologies, Inc.","[1,2,4,9,11,12,15,16,20,22,26,28,33]",1.16.0,,,0,635ms.
nostr.einundzwanzig.space,DE,Contabo GmbH,"[1,2,9,11,12,15,16,20,22,33,40]",0.8.13,,,568,240ms.
nostr.extrabits.io,US,"DigitalOcean, LLC","[1,2,9,11,12,15,16,20,22,33,40]",0.8.13,50,link,0,711ms.
nostr.filmweb.pl,PL,Efigence S.A.,"[1,2,9,11,12,15,16,20,22,33,40,42]",0.8.9,,,19,374ms.
nostr.fmt.wiz.biz,US,WIZ K.K.,"[1,2,4,9,11,12,16,20,22,28,33,40]",v216-4736f37,,,500,506ms.
nostr.fort-btc.club,US,Oracle Corporation,"[1,2,4,9,11,12,15,16,20,22,26,28,33,40]",1.25.0,1000000,link,0,583ms.
nostr.frostr.xyz,US,"Akamai Technologies, Inc.","[1,2,9,11,12,15,16,20,22,33]",0.8.2,,,0,679ms.
nostr.gerbils.online,US,"DigitalOcean, LLC","[1,2,9,11,12,15,16,20,22,33,40]",0.8.12,,,14,476ms.
nostr.girino.org,CA,"Cloudflare, Inc.","[1,11,42,70,86,9,45]",khatru,,,125,892ms.
nostr.globals.fans,CA,"Cloudflare, Inc.","[1,2,9,11,12,15,16,20,22,33]",0.9.0,,,0,⛔
nostr.gluestick.io,JP,Contabo Asia Private Limited,"[1,2,9,11,12,15,16,20,22,33,40]",0.8.13,4200000,link,0,853ms.
nostr.grooveix.com,DE,netcup GmbH,"[1,2,4,9,11,20,22,28,40,70]",0.9.6-39-g32a3677,,,2,402ms.
nostr.happytavern.co,CA,"Cloudflare, Inc.","[1,2,9,11,12,15,16,20,22,33]",0.8.1,,,0,⛔
nostr.hashbang.nl,NL,Concepts ICT B.V,"[1,2,9,11,12,15,16,20,22,33,40]",0.8.13,,,0,426ms.
nostr.hashi.sbs,GB,"Cloudflare, Inc.","[1,2,4,9,11,12,15,16,20,22,26,28,33,40]",1.25.2,8888,link,0,711ms.
nostr.hashrelay.com,GB,CustodianDC Limited,"[1,2,9,11,12,15,16,20,22,33,40]",0.8.13,1000000,link,0,306ms.
nostr.heavyrubberslave.com,CA,"Cloudflare, Inc.","[1,2,9,11,12,15,16,20,22,33,40]",0.8.13,,,0,360ms.
nostr.hekster.org,US,"DigitalOcean, LLC","[1,9,11,12,15,16,20,22]",v103-e5ec135,,,0,706ms.
nostr.heliodex.cf,GB,Zen Internet Ltd,"[1,2,4,9,11,12,15,16,20,22,26,28,33,40]",1.25.2,,,13,467ms.
nostr.hexhex.online,US,"Fly.io, Inc.","[1,2,9,11,12,15,16,20,22,33,40]",0.8.13,,,15,877ms.
nostr.hifish.org,CH,Sunrise GmbH,"[1,2,9,11,12,15,16,20,22,33,40]",0.8.13,,,23,328ms.
nostr.hubmaker.io,CH,Infomaniak Network SA,"[1,2,4,9,11,12,15,16,20,22,26,28,33,40]",1.25.2,,,39,312ms.
nostr.i9.eti.br,CA,"Cloudflare, Inc.","[1,2,9,11,12,15,16,20,22,33,40]",0.8.13,,,0,⛔
nostr.inaridiy.com,CA,"Cloudflare, Inc.","[1,2,4,9,11,45,26]",Honostr 0.0.0,,,3,942ms.
nostr.inosta.cc,DE,Hetzner Online GmbH,"[1,2,4,9,11,12,15,16,20,22,26,28,33,40]",1.25.2,5000000,link,0,319ms.
nostr.intrepid18.com,US,Hostwinds LLC.,"[1,2,9,11,12,15,16,20,22,33,40]",0.8.13,,,0,716ms.
nostr.itsnebula.net,CA,"Cloudflare, Inc.","[1,2,9,11,12,15,16,20,22,33,40]",0.8.13,,,0,532ms.
nostr.jaonoctus.dev,CA,"Cloudflare, Inc.","[1,2,9,11,12,15,16,20,22,33,40]",0.8.13,,,0,873ms.
nostr.javi.space,IT,Aruba S.p.A. Network,"[1,2,9,11,12,15,16,20,22,33,40,42]",0.8.13,,,0,297ms.
nostr.jcloud.es,ES,Telefonica de Espana SAU,"[1,2,9,11,12,15,16,20,22,33,40]",0.8.13,,,0,295ms.
nostr.jfischer.org,DE,netcup GmbH,"[1,2,4,9,11,12,15,16,20,22,26,28,33,40]",0.4.3,,,2,368ms.
nostr.karmickoala.info,GB,OVH SAS,"[1,2,4,9,11,12,15,16,20,22,28,33,40]",2.0.0,500000,link,0,⛔
nostr.kloudcover.com,US,"Amazon.com, Inc.","[1,2,9,11,12,15,16,20,22,26]",0.7.12,,,3,808ms.
nostr.kolbers.de,DE,IONOS SE,"[1,2,9,11,12,15,16,20,22,33,40,42]",0.8.8,,,14,277ms.
nostr.koning-degraaf.nl,NL,DELTA Fiber Nederland B.V.,"[1,2,4,9,11,12,15,16,20,22,28,33,40]",2.0.0,2000000,link,0,191ms.
nostr.kosmos.org,DE,Hetzner Online GmbH,"[1,2,4,9,11,12,16,20,22,28,33,40]",0.9.6-26-gc0dec7c,,,1,332ms.
nostr.kungfu-g.rip,US,The Constant Company,"[1,2,4,9,11,12,16,20,22,28,33,40]",no-git-commits,,,7,552ms.
nostr.l00p.org,DE,Hetzner Online GmbH,"[1,2,9,11,12,15,16,20,22,33,40]",0.8.13,,,0,320ms.
nostr.land,FI,Hetzner Online GmbH,"[1,2,4,9,11,12,16,20,22,28,33,40]",custom 1.0.1,4000000,link,38,237ms.
nostr.lbdev.fun,HK,Amazon Technologies Inc.,"[1,2,4,9,11,12,15,16,20,22,26,28,33,40]",1.25.2,,,0,⌛
nostr.lecturify.net,FR,OVH SAS,"[1,11,42,70,86,9,45]",khatru,,,0,⛔
nostr.liberty.fans,US,Charter Communications,"[1,2,9,11,12,15,16,20,22,33,40]",0.8.13,,,24,571ms.
nostr.lll.gd,AT,Alwyzon,"[1,9,11]",subzero,,,3,281ms.
nostr.lopp.social,FR,GANDI is an ICANN accredited registrar,"[1,2,4,9,11,12,16,20,22,28,33,40]",0.9.6,,,0,269ms.
nostr.lorentz.is,US,"AT&T Services, Inc.","[1,2,9,11,12,15,16,20,22,33]",0.8.2,,,0,488ms.
nostr.lu.ke,GB,OVH SAS,"[1,9,11,12,15,16,20,22]",v103-e5ec135,,,450,211ms.
nostr.luisschwab.net,CA,"Cloudflare, Inc.","[1,2,9,11,12,15,16,20,22,33,40]",0.8.13,,,0,547ms.
nostr.madco.me,GB,"Cloudflare, Inc.","[1,2,9,11,12,15,16,20,22,33,40]",0.8.13,,,0,298ms.
nostr.manasiwibi.com,DE,Contabo GmbH,"[1,2,9,11,12,15,16,20,22,33,40]",0.8.13,,,3,196ms.
nostr.massmux.com,DE,Contabo GmbH,"[1,2,4,9,11,12,15,16,20,22,26,28,33,40,111]",1.22.1,,,26,187ms.
nostr.messagepush.io,US,"Akamai Technologies, Inc.","[1,2,9,11,12,15,16,20,22,26]",0.7.10,,,0,445ms.
nostr.middling.mydns.jp,JP,Oracle Corporation,"[1,2,9,11,12,15,16,20,22,33,40]",0.8.13,,,16,1216ms.
nostr.mikoshi.de,DE,1&1 Versatel Deutschland GmbH,"[1,2,9,11,12,15,16,20,22,33,40]",0.8.13,,,3,307ms.
nostr.millonair.us,CA,"Cloudflare, Inc.","[1,2,9,11,12,15,16,20,22,33,40]",0.8.13,,,0,⌛
nostr.mining.sc,US,Dedicated.com,"[1,2,9,11,12,15,16,20,22,33,40,42]",0.8.9,,,0,527ms.
nostr.mom,DE,Hetzner Online GmbH,"[1,2,4,9,11,12,16,20,22,28,33,40]",0.9.6,,,482,193ms.
nostr.moynihan.live,CA,"Cloudflare, Inc.","[1,2,9,11,12,15,16,20,22,33]",0.8.1,,,0,⌛
nostr.mwmdev.com,PT,PT Comunicacoes S.A,"[1,2,9,11,12,15,16,20,22,33,40]",0.8.13,,,0,⛔
nostr.myshosholoza.co.za,NL,"HIVELOCITY, Inc.","[1,2,9,11,12,15,16,20,22,33,40]",0.8.13,,,0,307ms.
nostr.mywire.org,HU,INVITEL Zrt,"[1,2,9,11,12,15,16,20,22,33,40,42]",0.8.9,,,0,⛔
nostr.neilalexander.dev,GB,"Cloudflare, Inc.","[1,2,9,11,12,15,16,20,22,33,40]",0.8.13,,,0,437ms.
nostr.nodeofsven.com,FI,Hetzner Online GmbH,"[1,2,9,11,12,15,16,20,22,33,40]",0.8.13,,,6,510ms.
nostr.noderunners.network,PL,OVH SAS,"[1,2,4,9,11,12,13,15,16,20,22,28,33,40,42,50]",3.0.10,,,32,411ms.
nostr.noones.com,DE,"DigitalOcean, LLC","[1,2,4,9,11,12,16,20,22,28,33,40]",0.9.6,,,0,305ms.
nostr.notribe.net,US,"AT&T Services, Inc.","[1,2,4,9,11,12,15,16,20,22,26,28,33,40]",1.25.2,,,19,531ms.
nostr.novacisko.cz,PL,"The Constant Company, LLC","[1,5,9,11,12,16,20,24,33,42,45,50,97]",c833dc7,,,2,422ms.
nostr.null.bg,BG,Bulgarian Telecommunications Company Plc.,"[1,2,5,9,11,12,15,20,26,33,40]",1.14,,,0,⛔
nostr.openhoofd.nl,NL,DELTA Fiber Nederland,"[1,2,9,11,12,15,16,20,22,33,40]",0.8.13,,,0,⌛
nostr.overmind.lol,CA,"Cloudflare, Inc.","[1,2,9,11,12,15,16,20,22,33,40,42]",0.8.8,,,434,628ms.
nostr.oxtr.dev,DE,Hetzner Online GmbH,"[1,2,4,9,11,12,16,20,22,28,33,40]",0.9.6,,,500,354ms.
nostr.pailakapo.com,US,Comcast Cable Communications,"[1,2,4,9,11,12,16,20,22,28,33,40]",0.9.5-2-ga7aefde,,,0,⛔
nostr.pjv.me,US,Hetzner Online GmbH,"[1,9,11,12,15,16,20,22]",v1-0cb825d,,,1,742ms.
nostr.polonkai.eu,DE,"DigitalOcean, LLC","[1,2,4,9,11,12,16,20,22,28,33,40]",0.9.6,,,2,279ms.
nostr.polyserv.xyz,RU,OJSC Sibirtelecom,"[1,2,4,9,11,12,15,16,20,22,26,28,33,40,42]",0.4.3,,,0,555ms.
nostr.portemonero.com,DE,netcup GmbH,"[1,2,4,9,11,12,16,20,22,28,33,40]",0.9.6,,,0,329ms.
nostr.primz.org,CA,"Cloudflare, Inc.","[1,2,4,9,11,12,15,16,20,22,26,28,33]",1.18.0,,,0,290ms.
nostr.psychoet.nexus,IS,1984 ehf,"[1,2,4,9,11,12,15,16,20,22,26,28,33,40]",1.25.2,1000000,link,1,639ms.
nostr.reckless.dev,US,"AT&T Services, Inc.","[1,2,9,11,12,15,16,20,22,33,40]",0.8.13,,,0,716ms.
nostr.reelnetwork.eu,FI,Hetzner Online GmbH,"[1,2,4,9,11,12,15,16,20,22,28,33,40]",2.0.0,2100000,link,0,435ms.
nostr.relay.moizen.xyz,CA,"easyDNS Technologies, Inc.","[1,2,4,9,11,12,16,20,22,28,33,40]",0.9.6,,,3,534ms.
nostr.rocketnode.space,CA,"Cloudflare, Inc.","[1,2,9,11,12,15,16,20,22,33,40]",0.8.13,,,0,672ms.
nostr.roundrockbitcoiners.com,US,"DigitalOcean, LLC","[1,2,4,9,11,12,15,16,20,22,26,28,33,40]",1.22.6,,,21,428ms.
nostr.rubberdoll.cc,CA,"Cloudflare, Inc.","[1,2,9,11,12,15,16,20,22,33,40]",0.8.13,,,0,382ms.
nostr.sagaciousd.com,CA,Shaw Communications Inc.,"[1,2,4,9,11,12,15,16,20,22,26,28,33,40]",1.25.2,,,20,785ms.
nostr.sathoarder.com,FR,velia.net Internetdienste GmbH,"[1,2,4,9,11,12,16,20,22,28,33,40]",0.9.6-26-gc0dec7c,,,23,227ms.
nostr.sats.coffee,GB,Cogent Communications,"[1,2,9,11,12,15,16,20,22,33,40]",0.8.13,,,0,1714ms.
nostr.satstralia.com,IS,1984 ehf,"[1,2,4,9,11,12,16,20,22,28,33,40]",0.9.6,,,18,443ms.
nostr.schorsch.fans,DE,Strato AG,"[1,2,4,9,11,12,15,16,20,22,28,33,40]",2.0.0,,,0,486ms.
nostr.se7enz.com,CA,"Cloudflare, Inc.","[1,2,9,11,12,15,16,20,22,33,40]",0.8.13,,,0,⛔
nostr.searx.is,IS,The 1984 ehf,"[1,2,9,11,12,15,16,20,22,33,40]",0.8.13,,,0,438ms.
nostr.sebastix.dev,NL,TransIP BV,"[1,2,4,9,11,12,15,16,20,22,28,33,40]",2.0.0,250000000,link,0,354ms.
nostr.sebastix.social,NL,KPN B.V.,"[1,4,9,11,42,59,65]",chorus 1.1.0,,,0,⛔
nostr.sectiontwo.org,US,"DigitalOcean, LLC","[1,2,9,11,12,15,16,20,22,33,40]",0.8.13,,,1,876ms.
nostr.self-determined.de,DE,Bieber IT GmbH,"[1,2,9,11,12,15,16,20,22,33,40]",0.8.13,,,1,519ms.
nostr.ser1.net,IN,Contabo GmbH,"[1,2,9,11,12,15,16,20,22,33,40]",0.8.13,,,0,1111ms.
nostr.sidnlabs.nl,NL,Stichting Internet Domeinregistratie Nederland,"[1,2,9,11,12,15,16,20,22,33,40]",0.8.13,,,0,717ms.
nostr.sinrega.org,NL,High5! B.V.,"[1,2,9,11,12,15,16,20,22,33,40]",0.8.13,,,0,⛔
nostr.skitso.business,NL,"DigitalOcean, LLC","[1,2,5,9,11,12,15,20,26]",1.1.7,,,3,918ms.
nostr.slothy.win,CA,"Cloudflare, Inc.","[1,2,4,9,11,12,15,16,20,22,26,28,33,40]",1.25.2,5000000,link,0,998ms.
nostr.sovbit.host,IS,The 1984 ehf,"[1,2,4,9,11,12,15,16,20,22,28,33,40]",2.0.0,10000000,link,16,843ms.
nostr.spaceshell.xyz,CA,"Cloudflare, Inc.","[1,2,9,11,12,15,16,20,22,33,40]",0.8.13,,,0,438ms.
nostr.spierdol.one,NL,IncogNET LLC,"[1,2,9,11,12,15,16,20,22,33,40]",,,,0,⛔
nostr.sprovoost.nl,NL,Freedom Internet BV,"[1,2,9,11,12,15,16,20,22,33,40,42]",0.8.13,,,4,370ms.
nostr.stakey.net,NL,The Infrastructure Group B.V.,"[1,2,4,9,11,12,16,20,22,28,33,40]",0.9.6,,,72,334ms.
nostr.strits.dk,DK,Norlys Digital A/S,"[1,2,9,11,12,15,16,20,22,33,40]",0.8.13,,,1,525ms.
nostr.stupleb.cc,CA,Cogent Communications,"[1,2,9,11,12,15,16,20,22,33,40]",0.8.13,,,0,3195ms.
nostr.sudocarlos.com,GB,Cogent Communications,"[1,2,9,11,12,15,16,20,22,33,40,42]",0.8.13,,,0,⛔
nostr.swiss-enigma.ch,DE,Hetzner Online GmbH,"[1,2,9,11,12,15,16,20,22,33,40]",0.8.13,,,473,355ms.
nostr.synalysis.com,US,Render,"[1,2,4,9,11,12,13,15,16,20,22,26,28,33,40]",0.1.0,,,3,762ms.
nostr.t-rg.ws,LU,FranTech Solutions,"[1,2,9,11,12,15,16,20,22,33,40]",0.8.13,1000000000,link,0,646ms.
nostr.tavux.tech,FR,OVH SAS,"[1,2,4,9,11,12,15,16,20,22,26,28,33,40]",1.25.2,,,4,287ms.
nostr.thank.eu,CH,swissns GmbH,"[1,2,9,11,12,15,16,20,22,33,40,42]",0.8.13,,,0,715ms.
nostr.thesamecat.io,FI,Hetzner Online GmbH,"[1,2,4,9,11,12,15,16,20,22,26,28,33,40]",1.25.2,10000000,link,0,⛔
nostr.thurk.org,ES,Cloudi Nextgen SL,"[1,2,9,11,12,15,16,20,22,33,40]",0.8.13,,,0,1601ms.
nostr.tools.global.id,US,Amazon.com,"[1,2,9,11,12,15,16,20,22,33]",0.8.2,,,0,752ms.
nostr.topeth.info,US,Google LLC,"[1,2,4,9,11,12,15,16,20,22,26,28,33,40]",1.22.3,,,18,733ms.
nostr.uneu.net,GB,"Cloudflare, Inc.","[1,2,4,9,11,12,16,20,22,28,33,40]",0.9.6,,,0,⛔
nostr.ussenterprise.xyz,CA,"Cloudflare, Inc.","[1,2,9,11,12,15,16,20,22,33,40]",0.8.13,,,0,842ms.
nostr.veladan.org,ES,Telefonica de Espana SAU,"[1,2,4,9,11,12,15,16,20,22,25,26,28,33,40,42,45,50]",0.4.6,,,0,⛔
nostr.voluna.dev,FI,Hetzner Online GmbH,"[1,2,9,11,12,15,16,20,22,33,40]",0.8.13,,,0,795ms.
nostr.vulpem.com,DE,Hetzner Online GmbH,"[1,2,4,9,11,12,15,16,20,22,26,28,33,40]",0.4.3,,,0,392ms.
nostr.wine,CA,"Cloudflare, Inc.","[1,2,4,9,11,40,42,50,94]",0.3.2,18888000,link,221,621ms.
nostr.wine.,CA,"Cloudflare, Inc.","[1,2,4,9,11,40,42,50,94]",0.3.2,18888000,link,221,714ms.
nostr.x0f.org,NL,TransIP BV,"[1,2,9,11,12,15,16,20,22,33,40]",0.8.13,,,0,582ms.
nostr.xmr.rocks,DE,Hetzner Online GmbH,"[1,2,4,9,11,12,16,20,22,28,33,40]",0.9.6,,,10,859ms.
nostr.yuv.al,IE,Amazon Technologies Inc.,"[1,2,9,11,12,15,16,20,22,33,40]",0.8.13,,,0,556ms.
nostr.zbd.gg,US,"Amazon.com, Inc.","[1,2,4,9,11,12,16,20,22,28,33,40]",0.9.2-1-g75a34e4,,,1,560ms.
nostr.zoel.network,KR,Amazon Technologies Inc.,"[1,2,4,9,11,12,15,16,20,22,26,28,33,40]",1.25.2,,,371,1389ms.
nostr01.counterclockwise.io,GB,"DigitalOcean, LLC","[1,2,9,11,12,15,16,20,22,33,40,42,42]",0.8.7,,,0,315ms.
nostr1.daedaluslabs.io,DE,Hetzner Online GmbH,"[1,2,4,9,11,12,15,16,20,22,28,33,40]",2.0.0,,,0,⛔
nostr2.azzamo.net,PL,OVH SAS,"[1,2,4,9,11,20,22,28,40,70]",0.9.7,,,5,525ms.
nostr2.daedaluslabs.io,DE,Hetzner Online GmbH,"[1,2,4,9,11,12,16,20,22,28,33,40]",0.9.6-26-gc0dec7c,,,6,829ms.
nostr2.girino.org,CA,"Cloudflare, Inc.","[1,11,42,70,86,9,45]",khatru,,,125,1571ms.
nostr2.sanhauf.com,DE,"DigitalOcean, LLC","[1,2,4,9,11,12,15,16,20,22,26,28,33,40]",1.22.6,,,17,1438ms.
nostr21.com,US,"Nubes, LLC","[1,2,4,9,11,12,16,20,22,28,33,40]",0.9.6,21000,link,18,1478ms.
nostr3.daedaluslabs.io,DE,Hetzner Online GmbH,"[1,2,9,11,12,15,16,20,22,33,40]",0.8.13,,,4,1124ms.
nostr4.daedaluslabs.io,DE,Hetzner Online GmbH,"[1,4,9,11,40,42,59,65]",chorus 1.5.2,,,2,2351ms.
nostrarchives.com,CA,"Cloudflare, Inc.","[1,11,42,70,86]",khatru,,,0,⛔
nostrb.me10000.buzz,CA,"Cloudflare, Inc.","[1,2,4,9,11,12,16,20,22,28,33,40]",v217-7196547,,,0,2656ms.
nostrdevs.nostr1.com,US,"Nubes, LLC","[1,2,4,9,11,12,16,20,22,28,33,40]",0.9.6,,,0,499ms.
nostream-production-643a.up.railway.app,NL,Google LLC,"[1,2,4,9,11,12,15,16,20,22,26,28,33,40]",1.25.2,1337000,link,0,684ms.
nostrelay.yeghro.site,CA,"Cloudflare, Inc.","[1,2,4,9,11,12,15,16,20,22,28,33,40]",2.0.0,1000000,link,28,1056ms.
nostrelites.org,US,"Akamai Technologies, Inc.","[1,11,42,70,86,9]",khatru,,,125,703ms.
nostress.cc,DE,Hetzner Online GmbH,"[1,2,9,11,12,15,16,20,22,33,40]",0.8.13,15000000,link,0,⌛
nostria.space,IS,1984 ehf,"[1,2,4,9,11,12,16,20,22,28,33,40]",0.9.6-26-gc0dec7c,,,1,2802ms.
nostril.cam,CA,"Cloudflare, Inc.","[1,2,9,11,12,15,16,20,22,33,40,42]",0.8.13,1000000,link,1,1510ms.
nostrja-kari-nip50.heguro.com,CA,"Cloudflare, Inc.","[1,9,11,12,15,16,22,28,33,50]",searchnos 0.1.0,,,0,2457ms.
nostrja-kari.heguro.com,CA,"Cloudflare, Inc.","[1,2,4,9,11,12,15,16,20,22,26,28,33,40]",1.22.6,,,72,2746ms.
nostrpub.yeghro.site,CA,"Cloudflare, Inc.","[1,2,4,9,11,12,16,20,22,28,33,40]",0.9.6-26-gc0dec7c,,,10,2350ms.
nostrrelay.com,DE,Contabo GmbH,"[1,2,4,9,11,12,16,20,22,28,33,40]",0.9.6-26-gc0dec7c,,,18,1952ms.
nostrrelay.win,CA,"Cloudflare, Inc.","[1,9,11,22,40]",1.0.3,,,3,3352ms.
nostrtalk.nostr1.com,US,"Nubes, LLC","[1,2,4,9,11,12,16,20,22,28,33,40,42]",0.9.6,,,0,2371ms.
nostrua.com,UA,Volia-Cable LLC,"[1,2,4,9,11,12,15,16,20,22,26,28,33,40]",1.22.4,,,0,1390ms.
nostrue.com,US,"DigitalOcean, LLC","[1,9,11,12,15,16,20,22]",v103-e5ec135,,,71,2608ms.
nostrvista.aaroniumii.com,CA,"Cloudflare, Inc.","[1,2,4,9,11,20,22,28,40,70]",0.9.6-39-g32a3677,,,0,⌛
notes.miguelalmodo.com,DE,rh-tec Business GmbH,"[1,2,4,9,11,12,16,20,22,28,33,40]",0.9.6,,,0,746ms.
nr.yay.so,CH,Alsenet SA,"[9,12,15,16,20]",~,,,100,1325ms.
nrelay.c-stellar.net,CA,"Cloudflare, Inc.","[1,2,4,9,11,12,16,20,22,28,33,40]",0.9.6,,,200,2145ms.
nsrelay.assilvestrar.club,DE,powered by ANX,"[1,2,9,11,12,15,16,20,22,33,40]",0.8.13,,,0,⛔
obiurgator.thewhall.com,FR,OVH SAS,"[1,2,4,9,11,12,15,16,20,22,26,28,33,40]",1.25.2,,,3,1415ms.
offchain.pub,US,Multacom Corporation,"[1,2,4,9,11,12,16,20,22,28,33,40]",0.9.6,,,500,1305ms.
olympics2024.nos.social,US,"DigitalOcean, LLC","[1,2,9,11,12,15,16,20,22,33,40,42]",0.8.13,,,0,⌛
onlynotes.lol,CA,"Cloudflare, Inc.","[1,2,4,9,11,20,22,28,40,70]",0.9.6-39-g32a3677,,,0,⌛
orangepiller.org,FI,Hetzner Online GmbH,"[1,2,9,11,12,15,16,20,22,33,40]",0.8.13,,,6,1061ms.
orangesync.tech,DE,Contabo GmbH,"[1,2,9,11,12,15,16,20,22,33,40]",0.8.13,,,3,896ms.
paid.nostr.lc,US,"HIVELOCITY, Inc.","[1,2,4,9,11,12,15,16,20,22,26,28,33,40]",1.22.6,10000000,link,0,⌛
paid.relay.vanderwarker.family,US,"Akamai Technologies, Inc.","[1,2,9,11,12,15,16,20,22,33,40,42]",0.8.13,,,0,⌛
pausetest.nostr1.com,US,"Nubes, LLC","[1,2,4,9,11,12,16,20,22,28,33,40]",0.9.6,,,0,⛔
pl.czas.xyz,CA,"Cloudflare, Inc.","[1,2,5,9,11,12,16,33,42,45,50,95,96]",0.0.2,,,0,⌛
plebemineira.xyz,CA,"Cloudflare, Inc.","[1,2,9,11,12,15,16,20,22,33,40]",0.8.13,,,3,4278ms.
plebone.nostr1.com,US,"Nubes, LLC","[1,2,4,9,11,12,16,20,22,28,33,40,42]",0.9.6,,,0,2162ms.
polnostr.xyz,DE,Taylan Gueler trading as Soliaweb,"[1,2,4,9,11,12,15,16,20,22,25,26,28,33,40,42]",0.4.3,,,0,⌛
powrelay.xyz,NL,Choopa,,A fork of,,,0,3544ms.
private.red.gb.net,GB,Oracle Corporation,"[1,2,4,9,11,12,15,16,20,22,26,28,33,40]",1.22.6,8888000,link,1,4951ms.
privateisland.club,GB,IONOS SE,"[1,2,9,11,12,15,16,20,22,33,40,42]",0.8.13,,,0,2266ms.
prl.plus,RU,"OOO ""Network of data-centers ""Selectel""","[1,2,9,11,12,15,16,20,22,33,40,42,50]",3.0.10,,,0,3122ms.
problematic.network,US,"Amazon.com, Inc.","[1,2,5,9,11,12,15,20,26,33,40,42]",1.14,,,0,4862ms.
profiles.nostr1.com,US,"Nubes, LLC","[1,2,4,9,11,12,16,20,22,28,33,40]",0.9.6,,,0,3126ms.
puravida.nostr.land,FI,Hetzner Online GmbH,"[1,2,4,9,11,12,16,20,22,28,33,40]",custom 1.0.1,4000000,link,37,2245ms.
purplepag.es,GB,The Constant Company,"[1,2,4,9,11,12,16,20,22,28,33,40]",0.9.6-7-g7196547,,,0,4066ms.
purplerelay.com,DE,"Amazon.com, Inc.","[1,2,4,9,11,12,16,20,22,28,33,40]",v403-cc86272,,,399,1258ms.
pyramid.fiatjaf.com,DE,Contabo GmbH,"[1,11,42,70,86,9]",khatru-pyramid,,,15,2428ms.
q.swarmstr.com,US,"DigitalOcean, LLC","[1,2,9,11,12,15,16,20,22,33,40,42]",0.8.9,,,0,⛔
r314y.0xd43m0n.xyz,CA,"Cloudflare, Inc.","[1,2,9,11,12,15,16,20,22,33]",0.8.1,,,6,3246ms.
ragnar-relay.com,US,"DigitalOcean, LLC","[1,2,9,11,12,15,16,20,22]",0.7.17,,,16,2526ms.
reactions.v0l.io,CA,"Cloudflare, Inc.",[1],,,,0,⛔
reimagine.nostr1.com,US,"Nubes, LLC","[1,2,4,9,11,12,16,20,22,28,33,40]",0.9.6,,,0,⌛
relap.orzv.workers.dev,CA,"Cloudflare, Inc.","[1,2,4,9,11,20,22,28,40,70]",0.9.2-88-g1d206d1ce9f2,,,0,2580ms.
relay.0v0.social,US,"Amazon.com, Inc.","[1,2,4,9,11,12,15,16,20,22,26,28,33,40,42,45]",0.4.3,,,0,2533ms.
relay.13room.space,CA,"Cloudflare, Inc.","[1,2,4,9,11,12,16,20,22,28,33,40]",0.9.6-26-gc0dec7c,,,5,2422ms.
relay.8333.space,DE,Wavecon GmbH,"[1,2,4,9,11,12,16,20,22,28,33,40]",0.9.6,,,2,3203ms.
relay.agorist.space,NL,IncogNET LLC,"[1,2,4,9,11,12,16,20,22,28,33,40]",0.9.6,,,0,⌛
relay.alex71btc.com,CA,"Cloudflare, Inc.","[1,2,9,11,12,15,16,20,22,33]",0.8.1,,,3,3566ms.
relay.angor.io,DE,Contabo GmbH,"[1,2,4,9,11,12,16,20,22,28,33,40]",0.9.6,,,4,3077ms.
relay.arrakis.lat,US,"Akamai Technologies, Inc.","[1,2,9,11,12,15,16,20,22,33,40]",0.8.13,,,3,4006ms.
relay.artx.market,CA,"DigitalOcean, LLC","[1,2,4,9,11,12,16,20,22,28,33,40]",0.9.6,,,10,4310ms.
relay.axeldolce.xyz,CA,"Cloudflare, Inc.","[1,2,9,11,12,15,16,20,22,33,40]",0.8.13,,,9,3370ms.
relay.azzamo.net,PL,OVH SAS,"[1,2,4,9,11,12,15,16,20,22,28,33,40]",2.0.0,1000000,link,0,⌛
relay.badgr.digital,CA,"Cloudflare, Inc.","[1,2,4,9,11,12,16,20,22,28,33,40]",0.9.6-26-gc0dec7c,,,0,2717ms.
relay.beeola.me,FI,Hetzner Online GmbH,"[1,11,42,70,86,9]",khatru,,,0,2827ms.
relay.benthecarman.com,FR,Three Fourteen SASU,"[1,2,9,11,12,15,16,20,22,33,40]",0.8.13,,,0,3359ms.
relay.beta.fogtype.com,JP,Oracle Corporation,"[1,2,9,11,12,15,16,20,22,33,40]",0.8.13,,,0,⌛
relay.bitcoinpark.com,US,"Amazon.com, Inc.","[1,11,42,70,86]",khatru,,,1,3884ms.
relay.bitcoinschool.nl,CA,Cogent Communications,"[1,2,9,11,12,15,16,20,22,33,40]",0.8.13,,,0,⌛
relay.bostr.online,CA,"Cloudflare, Inc.","[1,2,9,11,12,16,33,42,45,50,95]",custom 0.0.1,,,0,4369ms.
relay.braydon.com,US,"DigitalOcean, LLC","[1,2,4,9,11,12,16,20,22,28,33,40]",0.9.6-26-gc0dec7c,,,0,4809ms.
relay.camelus.app,DE,"DigitalOcean, LLC","[1,2,9,11,12,15,16,20,22,33,40]",0.8.13,,,0,3829ms.
relay.casualcrypto.date,CA,"Cloudflare, Inc.","[1,2,9,11,12,15,16,20,22,33,40]",0.8.13,,,0,⌛
relay.causes.com,US,"Amazon.com, Inc.","[1,2,9,11,12,15,16,20,22,33,40]",0.8.13,,,0,2826ms.
relay.chontit.win,CA,"Cloudflare, Inc.","[1,2,9,11,12,15,16,20,22,33]",0.8.1,,,3,4182ms.
relay.chrisatmachine.com,US,The Constant Company,[],khatru,,,0,⛔
relay.corpum.com,US,"Akamai Technologies, Inc.","[1,2,9,11,12,15,16,20,22,33,40]",0.8.12,,,21,4407ms.
relay.cosmicbolt.net,US,The Constant Company,"[1,2,4,9,11,12,16,20,22,28,33,40]",v245-d216eda,,,0,⌛
relay.crbl.io,CA,"Cloudflare, Inc.","[1,2,9,11,12,15,16,20,22,33]",0.8.1,,,3,2204ms.
relay.customkeys.de,IE,Apex Strata Ltd,"[1,2,9,11,12,15,16,20,22,33,40]",0.8.13,,,0,4529ms.
relay.cxplay.org,CA,"Cloudflare, Inc.","[1,2,4,9,11,12,15,16,20,22,26,28,33,40,42,45,50]",0.4.3,,,0,2100ms.
relay.czas.xyz,CA,"Cloudflare, Inc.","[1,2,5,9,11,12,16,33,42,45,50,95,96]",0.0.3,,,0,3058ms.
relay.damus.io,CA,"Cloudflare, Inc.","[1,2,4,9,11,20,22,28,40,70]",0.9.2-88-g1d206d1ce9f2,,,500,3263ms.
relay.davidebtc.me,DE,Contabo GmbH,"[1,2,4,9,11,12,15,16,20,22,28,33,40]",2.0.0,,,2,2655ms.
relay.derogab.com,CA,"Cloudflare, Inc.","[1,2,9,11,12,15,16,20,22,33]",0.8.1,,,0,⛔
relay.despera.space,FI,Hetzner Online GmbH,"[1,2,9,11,12,15,16,20,22,33,40]",0.8.13,,,0,⛔
relay.dev.bdw.to,US,"Amazon.com, Inc.",[],3e751cf,,,0,⛔
relay.devstr.org,US,"DigitalOcean, LLC","[1,2,4,9,11,12,15,16,20,22,26,28,33,40]",1.22.6,12000000,link,0,4929ms.
relay.devvul.com,US,"Amazon.com, Inc.","[1,2,4,11,42,70,9,45]", ,,,0,3754ms.
relay.diegoyegros.com,CA,"Cloudflare, Inc.","[1,11,42,70,86,9]",khatru,,,0,⛔
relay.dwadziesciajeden.pl,PL,Online S.A.S.,"[1,2,9,11,12,15,16,20,22,33,40]",0.8.13,,,0,4951ms.
relay.earthly.land,NL,Google LLC,"[1,2,4,9,11,12,15,16,20,22,28,33,40]",2.0.0,,,19,3169ms.
relay.exit.pub,GB,The Constant Company,"[1,2,4,9,11,12,16,20,22,28,33,40]",0.9.6-2-g3579f21,,,0,⛔
relay.fail,CA,"Cloudflare, Inc.","[1,2,4,9,11,12,15,16,20,22,28,33,40]",2.0.0,,,0,⛔
relay.fanfares.io,RO,BL Networks,"[1,2,4,9,11,20,22,28,40,70]",0.9.7,,,9,3301ms.
relay.farscapian.com,US,"AT&T Services, Inc.","[1,2,9,11,12,15,16,20,22,33,40]",0.8.13,,,0,⌛
relay.flirtingwithbitcoin.com,CA,"Cloudflare, Inc.","[1,2,9,11,12,15,16,20,22,33]",0.8.1,,,3,1694ms.
relay.fountain.fm,US,Google LLC,"[1,2]",,,,10,4408ms.
relay.freeplace.nl,NL,KPN B.V,"[1,2,9,11,12,15,16,20,22,33,40]",0.8.13,,,0,3569ms.
relay.froth.zone,US,Oracle Corporation,"[1,2,9,11,12,15,16,20,22,33,40]",0.8.13,,,0,⛔
relay.galtsgulch.cc,CA,"Cloudflare, Inc.","[1,11,42,70,86,9]",khatru,,,0,⛔
relay.gasteazi.net,CA,"Cloudflare, Inc.","[1,2,9,11,12,15,16,20,22,33]",0.8.1,,,10,2684ms.
relay.geektank.ai,AI,Antigua Wireless ventures Ltd,"[1,2,9,11,12,15,16,20,22,33,40]",0.8.13,,,0,⌛
relay.gems.xyz,US,"DigitalOcean, LLC","[1,2,4,9,11,12,15,16,20,22,26,28,33,40]",1.22.6,,,3,2704ms.
relay.getalby.com,CA,"Cloudflare, Inc.","[1,11,47]",alby-nwc-relay 1.0.1,,,0,3370ms.
relay.ghostcopywrite.com,US,"Amazon.com, Inc.","[1,2,4,9,11,12,15,16,20,22,28,33,40]",2.0.0,,,0,⌛
relay.gnostr.cloud,CA,"Cloudflare, Inc.","[12,9,11,22]",0.0.23,,,0,⛔
relay.groups.nip29.com,DE,Hetzner Online AG,"[1,11,42,70,86,29,9]",khatru,,,0,3754ms.
relay.guggero.org,CH,Init7 (Switzerland) Ltd.,"[1,2,9,11,12,15,16,20,22,33]",0.8.1,,,0,2202ms.
relay.hakua.xyz,DE,Hetzner Online GmbH,"[1,2,4,9,11,12,16,20,22,28,33,40]",0.9.6-26-gc0dec7c,,,500,2389ms.
relay.hangar.ninja,FI,Hetzner Online GmbH,"[1,2,9,11,12,15,16,20,22,33,40]",0.8.13,,,0,⛔
relay.hawties.xyz,BG,Neterra Ltd.,"[1,11,42,70,86,9]",khatru,,,0,⛔
relay.highlighter.com,GB,The Constant Company,"[1,11,42,70,86,29,29,29]",khatru,,,125,3938ms.
relay.hodl.ar,AR,Dattatec.com,"[1,2,4,9,11,12,15,16,20,22,26,28,33,40]",1.22.6,,,0,⌛
relay.holzeis.me,CA,"Cloudflare, Inc.","[1,2,9,11,12,15,16,20,22,33,40]",0.8.13,,,3,2370ms.
relay.hs.vc,NL,Global Connectivity Solutions LLP,"[1,2,4,9,11,20,22,28,40,70]",0.9.7,,,0,3800ms.
relay.illuminodes.com,US,"Akamai Technologies, Inc.","[1,2,9,11,12,15,16,20,22,33,40]",0.8.13,,,3,3093ms.
relay.ingwie.me,DE,Hetzner Online GmbH,"[1,2,4,9,11,12,16,20,22,28,33,40]",0.9.6,,,3,2387ms.
relay.isphere.lol,NL,Google LLC,"[1,2,4,9,11,12,15,16,20,22,25,26,28,33,40,42]",0.4.3,,,0,4803ms.
relay.jellyfish.land,NL,Ipxo LLC,"[1,2,4,11,13,22,26,28,40,42]",2.1.1,,,3,1568ms.
relay.jerseyplebs.com,CA,"Cloudflare, Inc.",[],khatru,,,0,4306ms.
relay.joinnostr.com,DE,Parsonline,"[1,2,4,9,11,12,15,16,20,22,28,33,40]",2.0.0,,,0,⛔
relay.kamp.site,US,North State Telephone,"[1,2,4,9,11,12,16,20,22,28,33,40]",0.9.3-1-g80915f9,,,0,⌛
relay.keychat.io,US,IT7 Networks Inc,"[1,2,9,11,12,15,16,20,22,33,40]",0.8.13,,link,0,4371ms.
relay.kookykeys.com,US,"Amazon.com, Inc.",[],khatru,,,0,⛔
relay.lawallet.ar,CA,"Cloudflare, Inc.","[1,2,4,9,11,12,15,16,20,22,26,28,33,40]",1.25.2,,,0,3238ms.
relay.layer.systems,CA,"Cloudflare, Inc.","[1,2,9,11,12,15,16,20,22,33,40]",0.8.13,4200000,link,0,3632ms.
relay.lexingtonbitcoin.org,CA,"Cloudflare, Inc.","[1,11,42,70,86,9]",khatru,,,0,4918ms.
relay.lifpay.me,SG,Shenzhen Tencent Computer Systems Company Limited,"[1,2,4,9,11,12,15,16,20,22,28,33,40]",2.0.0,,,0,3920ms.
relay.livefreebtc.dev,CA,"Cloudflare, Inc.","[1,2,9,11,12,15,16,20,22,33]",0.8.1,,,3,2166ms.
relay.lnau.net,CA,"Cloudflare, Inc.","[1,2,9,11,12,15,16,20,22,33,40,42]",0.8.13,,,0,⛔
relay.lnfi.network,GB,"Amazon.com, Inc.","[1,2,4,9,11,12,15,16,20,22,26,28,33,40]",1.25.2,,,0,⌛
relay.lnwallet.app,GB,"Cloudflare, Inc.","[1,2,9,11,12,15,16,20,22,33,40,42]",0.8.13,,,0,⛔
relay.lumina.rocks,CA,"Cloudflare, Inc.","[1,2,9,11,12,15,16,20,22,33,40,42,50]",3.0.10,,,0,⌛
relay.magiccity.live,US,The Constant Company,"[1,2,9,11,12,15,16,20,22,33,40]",0.8.13,,,0,⌛
relay.martien.io,NL,Vodafone Ziggo,"[1,2,9,11,12,15,16,20,22,33,40]",0.8.13,,,0,⛔
relay.mattybs.lol,CA,"Cloudflare, Inc.","[1,2,4,9,11,12,16,20,22,28,33,40]",0.9.6-26-gc0dec7c,,,3,2465ms.
relay.minibits.cash,DE,Hetzner Online GmbH,"[1,2,4,9,11,12,16,20,22,28,33,40]",0.9.6-26-gc0dec7c,,,0,1522ms.
relay.minibolt.info,CA,"Cloudflare, Inc.","[1,2,9,11,12,15,16,20,22,33,40]",0.8.13,,,336,3444ms.
relay.mnsota.net,CA,"Cloudflare, Inc.","[1,2,9,11,12,15,16,20,22,33]",0.8.1,,,0,⛔
relay.moinsen.com,DE,Hetzner Online GmbH,"[1,2,4,9,11,15,16,20,22,28,42]",LNbits,,,0,3725ms.
relay.momostr.pink,CA,"Cloudflare, Inc.","[1,9,11,40]",0.1.0,,,0,4797ms.
relay.mostr.pub,CA,"Cloudflare, Inc.","[1,2,4,9,11,12,16,20,22,28,33,40]",0.9.6-26-gc0dec7c,,,500,2399ms.
relay.mostr.pub.,CA,"Cloudflare, Inc.","[1,2,4,9,11,12,16,20,22,28,33,40]",0.9.6-26-gc0dec7c,,,500,2644ms.
relay.mostro.network,US,"DigitalOcean, LLC","[1,2,4,9,11,12,15,16,20,22,26,28,33,40]",0.4.3,,,0,⌛
relay.mutinywallet.com,CA,"Cloudflare, Inc.","[1,2,4,9,11,12,16,20,22,28,33,40]",0.9.6-26-gc0dec7c,,,473,3792ms.
relay.mzm.app,US,"DigitalOcean, LLC","[1,2,9,11,12,15,16,20,22,33,40]",0.8.13,,,0,1951ms.
relay.n057r.club,NL,TransIP BV,"[1,2,9,11,12,15,16,20,22,33,40,42]",0.8.8,,,0,⛔
relay.nimo.cash,CA,Akamai Technologies,"[1,2,5,9,11,12,15,20,26,33,40]",1.13,,,2,3142ms.
relay.nip05.social,NL,Microsoft Corporation,"[1,2,4,9,11,23,28,42]",0.0.2,,,0,3725ms.
relay.noderunners.network,PL,OVH SAS,"[1,2,4,9,11,12,15,16,20,22,28,33,40]",2.0.0,10000000,link,5,3012ms.
relay.nos.social,US,"DigitalOcean, LLC","[1,2,4,9,11,12,16,20,22,28,33,40]",0.9.6,,,30,1835ms.
relay.nosflare.com,CA,"Cloudflare, Inc.","[1,2,4,5,9,11,12,15,16,17,20,22,33,40]",4.20.23,,,0,3871ms.
relay.nosto.re,NL,KPN B.V.,"[1,11,70]",0.1,,,0,2198ms.
relay.nostpy.lol,US,"Amazon.com, Inc.","[1,2,4,9,15,16,25,50,99]",v1.0.1,,,2,3047ms.
relay.nostr.band,FI,Hetzner Online GmbH,"[1,11,12,15,20,33,45,50]",0.4,,,1000,3554ms.
relay.nostr.bg,DE,Hetzner Online GmbH,"[1,2,4,9,11,20,22,28,40,70]",0.9.6-39-g32a3677,,,0,⛔
relay.nostr.com.au,CA,"Cloudflare, Inc.","[1,2,4,9,11,12,15,16,20,22,26,28,33,40]",1.25.2,6969000,link,0,3388ms.
relay.nostr.directory,DE,Contabo GmbH,"[1,2,4,9,11,12,15,16,20,22,26,28,33,40]",1.25.2,,,27,4619ms.
relay.nostr.hach.re,DE,Hetzner Online GmbH,"[1,2,9,11,12,15,16,20,22,33,40]",0.8.13,,,0,4087ms.
relay.nostr.jabber.ch,DE,Hetzner Online GmbH,"[1,2,9,11,12,15,16,20,22,33,40]",0.8.13,,,74,3798ms.
relay.nostr.lighting,DE,Hetzner Online GmbH,"[1,2,4,9,11,20,22,28,40,70]",0.9.7,,,0,3955ms.
relay.nostr.net,CA,"Cloudflare, Inc.","[1,2,4,9,11,12,16,20,22,28,33,40]",0.9.6-26-gc0dec7c,,,171,1694ms.
relay.nostr.nu,DE,Contabo GmbH,"[1,2,4,9,11,12,15,16,20,22,28,33,40]",2.0.0,2000000,link,0,1953ms.
relay.nostr.pt,FR,OVH SAS,"[1,2,4,9,11,12,16,20,22,28,33,40]",0.9.5,,,0,⛔
relay.nostr.sc,US,Dedicated.com,"[1,2,4,9,11,12,15,16,20,22,26,28,33,40]",1.25.2,1000000,link,0,4200ms.
relay.nostr.vet,DE,1&1 IONOS SE,"[1,2,4,9,11,20,22,28,40,70]",0.9.6-39-g32a3677,,,19,1432ms.
relay.nostr.wf,DE,Contabo GmbH,"[1,2,4,9,11,12,15,16,20,22,28,33,40]",2.0.0,2000000,link,0,4941ms.
relay.nostr.wirednet.jp,JP,SAKURA Internet Inc.,"[1,2,4,9,11,12,15,16,20,22,28,33,40]",2.0.0,,,455,2375ms.
relay.nostraddress.com,CA,"Cloudflare, Inc.","[1,2,4,5,9,11,12,15,16,17,20,22,33,40]",4.20.23,,,0,2706ms.
relay.nostrava.xyz,CA,"Cloudflare, Inc.","[1,2,9,11,12,15,16,20,22,33,40]",0.8.13,,,0,⛔
relay.nostrcheck.me,CA,"Cloudflare, Inc.","[1,2,4,9,11,12,15,16,20,22,28,33,40]",2.0.0,,,19,4162ms.
relay.nostrcn.com,HK,Alibaba.com LLC,"[1,2,4,9,11,12,15,16,20,22,26,28,33,40]",0.4.3,,,44,3701ms.
relay.nostrdice.com,NL,Hostkey B.V.,"[1,2,9,11,12,15,16,20,22,33,40]",0.8.13,,,0,⌛
relay.nostrfreaks.com,US,"Nubes, LLC","[1,2,4,9,11,12,16,20,22,28,33,40]",0.9.6,,,0,3379ms.
relay.nostrhub.fr,DE,Contabo GmbH,"[1,2,9,11,12,15,16,20,22,33]",0.8.2,,,392,1497ms.
relay.nostrich.cc,CA,"Cloudflare, Inc.","[1,2,4,9,11,20,22,28,40,70]",0.9.6-39-g32a3677,,,3,2894ms.
relay.nostrid.com,US,Sonic Telecom LLC,"[1,2,4,9,11,12,15,16,20,22,26,28,33,40]",1.25.2,,link,0,4127ms.
relay.nostrified.org,DE,BLU-VH,"[1,2,4,9,11,12,15,16,20,22,28,33,40]",2.0.0,1000000,link,7,2429ms.
relay.nostrify.io,US,"DigitalOcean, LLC","[1,2,9,11,12,15,16,20,22,33,40]",0.8.13,,,0,3636ms.
relay.nostriot.com,US,Cogent Communications,"[1,2,4,9,11,20,22,28,40,70]",0.9.7,,,4,4546ms.
relay.nostrocket.org,DE,Choopa,"[1,2,4,9,11,12,16,20,22,28,33,40]",0.9.6-26-gc0dec7c,,,0,⌛
relay.nostrology.org,US,"Fly.io, Inc.","[1,11,15,16,20]",deadbeef,,,0,3636ms.
relay.nostromo.social,FR,Online S.A.S.,"[1,2,4,9,11,20,22,28,40,70]",0.9.7,,,52,2073ms.
relay.nostrosity.com,CA,"Cloudflare, Inc.","[1,2,9,11,12,15,16,20,22,33,40]",0.8.13,,,3,4785ms.
relay.nostrr.de,DE,netcup GmbH,"[1,2,9,11,12,15,16,20,22,33,40]",0.8.13,,,0,⛔
relay.nostrss.re,NL,Online SAS NL,"[1,2,9,11,12,15,16,20,22,33,40]",0.8.13,,,0,⛔
relay.nostrview.com,FR,Oracle Corporation,"[1,2,4,9,11,12,15,16,20,22,26,28,33,40]",1.25.2,4000000,link,2,4071ms.
relay.noswhere.com,FI,Hetzner Online GmbH,"[1,11,50]",custom 0.0.1,,,0,⌛
relay.notestack.com,US,Choopa,"[1,2,4,9,11,20,22,28,40,70]",0.9.6-39-g32a3677,,,2,2722ms.
relay.notmandatory.org,US,"Akamai Technologies, Inc.","[1,2,9,11,12,15,16,20,22,33,40]",0.8.13,,,0,⛔
relay.nquiz.io,DE,Hetzner Online GmbH,"[1,2,4,9,11,12,16,20,22,28,33,40]",0.9.6,,,0,⛔
relay.nsec.app,FI,Hetzner Online GmbH,"[1,2,4,9,11,12,16,20,22,28,33,40]",0.9.6-26-gc0dec7c,,,0,4202ms.
relay.nsecbunker.com,GB,The Constant Company,"[1,2,9,11,12,15,16,20,22,33,40]",0.8.13,,,0,⛔
relay.nsnip.io,DE,Hetzner Online GmbH,"[1,2,4,9,11,15,16,20,22,28,42]",LNbits,,,3,3989ms.
relay.nuts.cash,US,"Namecheap, Inc.","[1,2,9,11,12,15,16,20,22,33,40]",0.8.13,,,3,4178ms.
relay.oh-happy-day.xyz,DE,OVH SAS,"[1,2,9,11,12,15,16,20,22,33,40]",0.8.13,,,0,⛔
relay.oldcity-bitcoiners.info,US,"AT&T Services, Inc.","[1,2,9,11,12,15,16,20,22,33,40]",0.8.13,,,0,4580ms.
relay.orange-crush.com,US,UAB Cherry Servers,"[1,2,4,9,11,12,15,16,20,22,28,33,40]",2.0.0,8000000,link,0,4454ms.
relay.orangepill.ovh,ES,AS8560 ES,"[1,2,9,11,12,15,16,20,22,33,40]",0.8.13,,,0,⌛
relay.otherstuff.fyi,GB,Cogent Communications,"[1,11,42,70,86,9]",khatru,,,0,⛔
relay.phantom-power.coracle.tools,US,"Akamai Technologies, Inc.","[1,11,70]",khatru,,,0,2199ms.
relay.piazza.today,DE,Contabo GmbH,"[1,2,4,9,11,22,28,40,70]",1.0.0-beta2,,,6,3860ms.
relay.poster.place,US,Charter Communications,"[1,2,4,9,11,20,22,28,40,70]",0.9.7,,,500,2694ms.
relay.primal.net,CA,"Cloudflare, Inc.","[1,2,4,9,11,20,22,28,40,70]",0.9.6-39-g32a3677,,,500,1806ms.
relay.proxymana.net,FI,Hetzner Online GmbH,"[1,2,9,11,12,15,16,20,22,33,40]",0.8.13,,,0,⌛
relay.refinery.coracle.tools,AU,Akamai Technologies,"[1,11,70]",khatru,,,0,⌛
relay.rengel.org,CA,"Cloudflare, Inc.","[1,2,4,9,11,12,16,20,22,28,33,40]",0.9.6-26-gc0dec7c,,,0,4867ms.
relay.rkus.se,SE,Tele2 Sverige AB,"[1,2,4,9,11,12,16,20,22,28,33,40]",0.9.6,,,0,2653ms.
relay.roli.social,DE,Hetzner Online GmbH,"[1,2,4,9,11,12,15,16,20,22,26,28,33,40,42,45,50]",0.4.2,,,0,3046ms.
relay.rootservers.eu,LT,"UAB ""Interneto vizija""","[1,2,4,9,11,12,15,16,20,22,25,26,28,33,40]",0.4.3,,,3,3050ms.
relay.roygbiv.guide,US,"AT&T Services, Inc.","[1,2,9,11,12,15,16,20,22,33,40]",0.8.13,,,0,4964ms.
relay.s-w.art,CA,"Cloudflare, Inc.","[1,2,9,11,12,15,16,20,22,33]",0.8.1,,,3,2170ms.
relay.satlantis.io,US,"Amazon.com, Inc.","[1,2,4,9,11,12,16,20,22,28,33,40]",0.9.6-26-gc0dec7c,,,2,2289ms.
relay.satoshidnc.com,US,BL Networks,"[1,2,4,9,11,12,16,20,22,28,33,40]",0.9.4-21-g7da862e,,,5,3909ms.
relay.sebdev.io,US,The Constant Company,"[1,2,4,9,11,12,16,20,22,28,33,40]",v236-c0dec7c,,,0,3818ms.
relay.sepiropht.me,DE,IONOS SE,"[1,2,9,11,12,15,16,20,22,33,40]",0.8.13,,,0,3240ms.
relay.sharegap.net,AT,ANX,"[1,2,9,11,12,15,16,20,22,33,40]",0.8.13,,,68,2898ms.
relay.shop21.dk,DE,Akamai Technologies,"[1,2,9,11,12,15,16,20,22,33,40,42]",0.8.13,,,0,3695ms.
relay.sigit.io,FI,Hetzner Online GmbH,"[1,2,4,9,11,12,16,20,22,28,33,40]",v236-c0dec7c,,,2,4792ms.
relay.sincensura.org,CA,"Cloudflare, Inc.","[1,2,4,9,11,12,16,20,22,28,33,40]",0.9.6-26-gc0dec7c,,,0,2671ms.
relay.snort.social,IE,Apex Strata Ltd,"[1,2,4,9,11,12,16,20,22,28,33,40]",v227-c434c46,,,0,3333ms.
relay.sovereign-stack.org,US,"AT&T Services, Inc.","[1,2,9,11,12,15,16,20,22,33,40]",0.8.13,,,0,4540ms.
relay.staging.flashapp.me,US,"DigitalOcean, LLC","[1,2,4,9,11,12,16,20,22,28,33,40]",0.9.6,,,0,⛔
relay.stemstr.app,US,"Amazon.com, Inc.","[9,11,12,15,16,20,33]",~,,,0,⛔
relay.stens.dev,GB,Contabo GmbH,"[1,2,4,9,11,20,22,28,40,70]",0.9.7,,,0,2328ms.
relay.stewlab.win,CA,"Cloudflare, Inc.","[1,2,9,11,12,15,16,20,22,33]",0.8.1,,,3,4121ms.
relay.stoner.com,CH,Oracle Corporation,"[1,2,9,11,12,15,16,20,22,33,40]",0.8.13,,,1,4810ms.
relay.strfront.com,US,Charter Communications,"[1,2,4,9,11,12,15,16,20,22,28,33,40]",2.0.0,,,0,⌛
relay.tagayasu.xyz,CA,Rogers Communications Canada Inc.,"[1,2,9,11,12,15,16,20,22,33,40]",0.8.13,,,4,2299ms.
relay.tapestry.ninja,US,"DigitalOcean, LLC","[1,2,9,11,12,15,16,20,22,33,40]",0.8.13,,,3,3516ms.
relay.test.nquiz.io,FI,Hetzner Online GmbH,"[1,2,4,9,11,12,16,20,22,28,33,40]",0.9.6,,,0,⛔
relay.twixy.app,CA,"Cloudflare, Inc.","[1,2,4,9,11,12,15,16,20,22,26,28,33,40]",0.4.3,,,0,2212ms.
relay.unknown.cloud,CA,"Cloudflare, Inc.","[1,2,4,9,11,20,22,28,40,70]",0.9.6-39-g32a3677,,,0,⌛
relay.urbanzap.space,GB,OVH SAS,"[1,2,4,9,11,12,15,16,20,22,28,33,40]",2.0.0,,,14,3151ms.
relay.usefusion.ai,US,Microsoft Corporation,"[1,2,4,9,11,12,15,16,20,22,26,28,33,40]",1.25.2,,,13,4577ms.
relay.utih.net,CA,"Cloudflare, Inc.","[1,2,4,9,11,20,22,28,40,70]",0.9.6-39-g32a3677,,,0,2296ms.
relay.utxo.one,CA,"Cloudflare, Inc.","[1,11,42,70,86]",khatru,,,12,4463ms.
relay.vanderwarker.family,US,"Akamai Technologies, Inc.","[1,2,9,11,12,15,16,20,22,33,40]",0.8.13,,,0,⛔
relay.vaporware.network,US,"DigitalOcean, LLC","[1,11,42,70,86]",khatru,,,0,⛔
relay.varke.eu,NL,HOSTINGER NL,"[1,2,4,9,11,12,15,16,20,22,28,33,40]",2.0.0,,,13,4497ms.
relay.vengeful.eu,DE,Felix Gassan,"[1,2,4,9,11,12,15,16,20,22,28,33,40]",2.0.0,500000,link,0,3540ms.
relay.verified-nostr.com,CA,"Cloudflare, Inc.","[1,2,4,5,9,11,12,15,16,17,20,22,33,40]",4.20.23,,,0,1985ms.
relay.wavlake.com,US,Google LLC,"[1,2,4,9,11,12,15,16,20,22,26,28,33,40]",1.25.2,,,48,3119ms.
relay.wellorder.net,DE,Hetzner Online GmbH,"[1,2,9,11,12,15,16,20,22,33,40,42]",0.8.9,,,318,3683ms.
relay.westernbtc.com,US,Peak Internet,"[1,2,4,9,11,12,16,20,22,28,33,40]",1.0.0,15000,link,0,3427ms.
relay.wikifreedia.xyz,GB,The Constant Company,"[1,11,70]",khatru,,,0,⛔
relay.xeble.me,CA,"Cloudflare, Inc.","[1,2,4,5,9,11,12,15,16,17,20,22,33,40]",4.19.21,,,0,4173ms.
relay.xplb.uk,PL,Skhron OU,"[1,2,9,11,12,15,16,20,22,33,40]",0.8.13,,,0,⌛
relay.zhoushen929.com,CA,"Cloudflare, Inc.","[1,2,4,9,11,12,15,16,20,22,26,28,33,40,45,50]",0.4.3,,,0,⌛
relay.zone667.com,FI,Hetzner Online GmbH,"[1,2,4,9,11,12,16,20,22,28,33,40]",0.9.6,,,4,4526ms.
relay1.nostrchat.io,FI,Hetzner Online GmbH,"[1,2,4,9,11,12,15,16,20,22,26,28,33,40]",1.25.0,,,55,2812ms.
relay1.xfire.to,CA,"Cloudflare, Inc.","[1,2,9,11,12,15,16,20,22,33]",0.8.1,,,0,⌛
relay2.angor.io,DE,Contabo GmbH,"[1,2,4,9,11,12,16,20,22,28,33,40]",0.9.6,,,4,1436ms.
relay2.nostr.vet,DE,1&1 IONOS SE,"[1,2,4,9,11,12,15,16,20,22,28,33,40]",2.0.0,,,16,4238ms.
relay2.nostrasia.net,CA,"Cloudflare, Inc.","[1,2,9,11,12,15,16,20,22,33,40]",0.8.13,,,4,4416ms.
relay2.nostrchat.io,DE,Hetzner Online GmbH,"[1,2,4,9,11,12,15,16,20,22,26,28,33,40]",1.25.0,,,27,3276ms.
relay5.bitransfer.org,CA,"Cloudflare, Inc.","[1,2,9,11,12,15,16,20,22,33,40]",0.8.13,,,4,2856ms.
relaynostr.up.railway.app,NL,Google LLC,"[1,2,4,9,11,12,15,16,20,22,25,26,28,33,40,42]",0.4.3,,,0,⌛
relaypag.es,PL,"The Constant Company, LLC","[1,2,4,9,11,12,16,20,22,28,33,40]",0.9.6-26-gc0dec7c,,,0,1932ms.
relays.diggoo.com,CA,"Cloudflare, Inc.","[1,2,9,11,12,15,16,20,22,33,40,42,50]",3.0.10,,,0,4969ms.
reraw.pbla2fish.cc,NL,Google LLC,"[1,2,9,11,13,33,40,45]",reraw 0.1.0,,,0,2826ms.
rl.baud.one,CA,"Cloudflare, Inc.","[1,2,9,11,12,15,16,20,22,33]",0.8.1,,,3,2679ms.
rly.nostrkid.com,US,"DigitalOcean, LLC","[1,2,4,9,11,12,15,16,20,22,26,28,33,40]",1.22.6,400000000,link,0,4712ms.
rockstr.momostr.pink,CA,"Cloudflare, Inc.","[1,9,11,40]",0.1.0,,,0,⛔
rss.nos.social,US,"DigitalOcean, LLC","[5,9,11,12,15,16,19,20]",0.5.4,,,0,⌛
rsslay.ch3n2k.com,CA,TELUS Communications Inc.,"[5,9,11,12,15,16,19,20]",0.5.4,,,0,4403ms.
schnorr.me,CA,"Cloudflare, Inc.","[1,2,4,9,11,20,22,28,40,70]",0.9.6-39-g32a3677,,,0,⛔
search.nos.today,US,"Fly.io, Inc.","[1,9,11,22,28,50]",searchnos v0.1.0-,,,500,2646ms.
search.swarmstr.com,US,"DigitalOcean, LLC","[1,9,11,12,16,22,28,33,50]",searchnos v0.1.0-38fc0dc,,,0,3547ms.
seewaan.com,CA,"Cloudflare, Inc.","[1,2,9,11,12,15,16,20,22,33]",0.8.1,,,0,⛔
sergio.nostr1.com,US,"Nubes, LLC","[1,2,4,9,11,12,16,20,22,28,33,40]",0.9.6,,,0,⌛
seth.nostr1.com,US,"Nubes, LLC","[1,2,4,9,11,12,16,20,22,28,33,40,42]",0.9.6,,,0,3277ms.
shawn.nostr1.com,US,"Nubes, LLC","[1,2,4,9,11,12,16,20,22,28,33,40]",0.9.6,,,0,⛔
shogird.nostr1.com,US,"Nubes, LLC","[1,2,4,9,11,12,16,20,22,28,33,40]",0.9.6,,,0,⌛
slick.mjex.me,US,UpCloud USA Inc,"[1,2,4,9,11,20,22,28,40,70]",v266-e26a495,,,23,2135ms.
sources.nostr1.com,US,"Nubes, LLC","[1,2,4,9,11,12,16,20,22,28,33,40]",0.9.6,,,0,⌛
srtrelay.c-stellar.net,CA,"Cloudflare, Inc.","[1,2,4,9,11,12,16,20,22,28,33,40]",0.9.6,,,0,⌛
strava.dev.bdw.to,US,"Amazon.com, Inc.","[1,11,70]",khatru,,,0,⛔
strfry-test.layer3.news,US,"Amazon.com, Inc.","[1,2,4,9,11,12,16,20,22,28,33,40]",v217-7196547,,,0,⛔
strfry.chatbett.de,US,"HIVELOCITY, Inc.","[1,2,4,9,11,12,16,20,22,28,33,40]",0.9.6-7-g7196547,,,7,2074ms.
strfry.corebreach.com,CA,"Cloudflare, Inc.","[1,2,4,9,11,12,16,20,22,28,33,40]",0.9.6-26-gc0dec7c,,,0,4017ms.
strfry.iris.to,CA,"Cloudflare, Inc.","[1,2,4,9,11,12,16,20,22,28,33,40,114]",0.9.6-17-gf839c18,,,31,2044ms.
strfry.openhoofd.nl,NL,DELTA Fiber Nederland,"[1,2,4,9,11,20,22,28,40,70]",0.9.7,,,0,⌛
strfry.shock.network,US,"Nexeon Technologies, Inc.","[1,2,4,9,11,12,16,20,22,28,33,40]",0.9.6-7-g7196547,,,2,3740ms.
support.nostr1.com,US,"Nubes, LLC","[1,2,4,9,11,12,16,20,22,28,33,40]",0.9.6,,,1,2294ms.
synalysis.nostr1.com,US,"Nubes, LLC","[1,2,4,9,11,12,16,20,22,28,33,40]",0.9.6,,,0,⌛
taipei.scarab.im,US,"Akamai Technologies, Inc.","[1,2,9,11,12,15,16,20,22]",0.7.15,,,0,4773ms.
test.nfrelay.app,CA,"Cloudflare, Inc.","[1,2,4,9,11,12,16,20,22,28,33,40]",0.9.6,,,1921,2082ms.
test.nostrfreaks.com,US,"Nubes, LLC","[1,2,4,9,11,12,16,20,22,28,33,40]",0.9.6,,,0,⌛
test1.erbie.io,HK,Aceville Pte.ltd,"[1,2,9,11,12,15,16,20,22,33,40]",0.8.13,,,0,⛔
testnet.plebnet.dev,US,"DigitalOcean, LLC","[1,2,4,9,11,15,16,20,22,28,42]",LNbits,,,0,⛔
th2.nostr.earnkrub.xyz,TH,AIS-Fibre,"[1,2,9,11,12,15,16,20,22,33,40]",0.8.13,,,0,⛔
thebarn.nostr1.com,US,"Nubes, LLC","[1,2,4,9,11,12,16,20,22,28,33,40]",0.9.6,,,2,3678ms.
thebarn.nostrfreaks.com,US,"Nubes, LLC","[1,2,4,9,11,12,16,20,22,28,33,40]",0.9.6,,,0,⌛
thecitadel.nostr1.com,US,"Nubes, LLC","[1,2,4,9,11,12,16,20,22,28,33,40]",0.9.6,,,0,4504ms.
theforest.nostr1.com,US,"Nubes, LLC","[1,2,4,9,11,12,16,20,22,28,33,40,42]",0.9.6,,,0,⌛
theschoolofbitcoin.nostr1.com,US,"Nubes, LLC","[1,2,4,9,11,12,16,20,22,28,33,40,42]",0.9.6,,,0,⌛
thewildhustle.nostr1.com,US,"Nubes, LLC","[1,2,4,9,11,12,16,20,22,28,33,40,42]",0.9.6,,,0,⌛
tigs.nostr1.com,US,"Nubes, LLC","[1,2,4,9,11,12,16,20,22,28,33,40,42]",0.9.6,,,0,⌛
tijl.xyz,US,HostPapa,"[1,11,42,70,86,9,45]",relay,,,0,⛔
tmp-relay.cesc.trade,CA,"Cloudflare, Inc.","[1,2,4,9,11,12,15,16,20,22,26,28,33,40]",1.23.0,,,0,⛔
travis-shears-nostr-relay-v2.fly.dev,US,"Fly.io, Inc.","[1,2,9,11,12,15,16,20,22,33,40]",0.8.13,,,3,4305ms.
trusted.sandwich.farm,PL,"The Constant Company, LLC","[1,11,42,70,86]",khatru,,,0,⛔
tw.purplerelay.com,JP,"Amazon.com, Inc.","[1,2,4,9,11,12,16,20,22,28,33,40]",v401-1086645,,,0,4774ms.
uk.purplerelay.com,DE,"Amazon.com, Inc.","[1,2,4,9,11,12,16,20,22,28,33,40]",v403-cc86272,,,370,3965ms.
unostr.one,FI,Hetzner Online GmbH,"[1,2,9,11,12,15,16,20,22,33,40]",0.8.13,,,0,3868ms.
unostr.site,CA,"Cloudflare, Inc.",[],0.0.1,,,,4623ms.
us.nostr.land,US,Hetzner Online GmbH,"[1,2,4,9,11,12,16,20,22,28,33,40]",custom 1.0.1,4000000,link,36,3208ms.
us.nostr.wine,CA,"Cloudflare, Inc.","[1,2,4,9,11,40,42,50,94]",0.3.2,18888000,link,214,1929ms.
us.purplerelay.com,US,"Amazon.com, Inc.","[1,2,4,9,11,12,16,20,22,28,33,40]",v401-1086645,,,48,1951ms.
user.kindpag.es,NL,"The Constant Company, LLC","[1,2,4,9,11,12,16,20,22,28,33,40]",0.9.6-26-gc0dec7c,,,0,⌛
vitor.nostr1.com,US,"Nubes, LLC","[1,2,4,9,11,12,16,20,22,28,33,40,42]",0.9.6,,,0,⌛
voxonomatronics.nostr1.com,US,"Nubes, LLC","[1,2,4,9,11,12,16,20,22,28,33,40,42]",0.9.6,,,0,⌛
wbc.nostr1.com,US,"Nubes, LLC","[1,2,4,9,11,12,16,20,22,28,33,40]",0.9.6,,,0,⌛
welcome.nostr.wine,CA,"Cloudflare, Inc.","[1,2,4,9,11,12,16,20,22,28,33,40]",0.9.6-7-g7196547,,,0,4349ms.
wheat.happytavern.co,CA,"Cloudflare, Inc.","[1,2,9]",0.1.2-nightly,,,0,⛔
wot.girino.org,CA,"Cloudflare, Inc.","[1,11,42,70,86,9]",khatru,,,0,⌛
wot.nostr.party,IE,Apex Strata Ltd,"[1,11,42,70,86,9]",khatru,,,84,1510ms.
wot.puhcho.me,CA,"Cloudflare, Inc.","[1,11,42,70,86]",khatru,,,100,2719ms.
wot.siamstr.com,SG,OVH SAS,"[1,11,42,70,86,9]",khatru,,,0,⌛
wot.sovbit.host,IS,1984 ehf,"[1,11,42,70,86,9]",khatru,,,45,4762ms.
wot.sudocarlos.com,GB,Cogent Communications,"[1,11,42,70,86,9]",khatru,,,0,⛔
wot.utxo.one,CA,"Cloudflare, Inc.","[1,11,42,70,86,9]",khatru,,,125,3223ms.
wot.yeghro.site,CA,"Cloudflare, Inc.","[1,11,42,70,86,9]",khatru,,,125,4123ms.
xmr.usenostr.org,DE,netcup GmbH,"[1,2,4,9,11,12,16,20,22,28,33,40]",0.9.6,,,12,1382ms.
yabu.me,JP,The Constant Company,"[1,2,4,9,11,20,22,28,40,70]",0.9.7,,,433,3341ms.
yestr.me,GB,Cogent Communications,"[1,2,4,9,11,12,15,16,20,22,26,28,33,40]",1.25.2,199000,link,14,3818ms.
za.purplerelay.com,ZA,Amazon Technologies Inc.,"[1,2,4,9,11,12,16,20,22,28,33,40]",v403-cc86272,,,0,⌛
zap.watch,FR,OVH SAS,"[1,11,42,70,86,9]",khatru,,,,
